prefix,well_id
20250915_Ab42_CTDlinkCTDandNTD,A01
20250915_Ab42_CTDlinkCTDandNTD,A02
20250915_Ab42_CTDlinkCTDandNTD,A03
20250915_Ab42_CTDlinkCTDandNTD,A04
20250915_Ab42_CTDlinkCTDandNTD,A05
20250915_Ab42_CTDlinkCTDandNTD,A06
20250915_Ab42_CTDlinkCTDandNTD,A07
20250915_Ab42_CTDlinkCTDandNTD,A08
20250915_Ab42_CTDlinkCTDandNTD,A09
20250915_Ab42_CTDlinkCTDandNTD,A10
20250915_Ab42_CTDlinkCTDandNTD,A11
20250915_Ab42_CTDlinkCTDandNTD,A12
20250915_Ab42_CTDlinkCTDandNTD,B01
20250915_Ab42_CTDlinkCTDandNTD,B02
20250915_Ab42_CTDlinkCTDandNTD,B03
20250915_Ab42_CTDlinkCTDandNTD,B04
20250915_Ab42_CTDlinkCTDandNTD,B05
20250915_Ab42_CTDlinkCTDandNTD,B06
20250915_Ab42_CTDlinkCTDandNTD,B07
20250915_Ab42_CTDlinkCTDandNTD,B08
20250915_Ab42_CTDlinkCTDandNTD,B09
20250915_Ab42_CTDlinkCTDandNTD,B10
20250915_Ab42_CTDlinkCTDandNTD,B11
20250915_Ab42_CTDlinkCTDandNTD,B12
20250915_Ab42_CTDlinkCTDandNTD,C01
20250915_Ab42_CTDlinkCTDandNTD,C02
20250915_Ab42_CTDlinkCTDandNTD,C03
20250915_Ab42_CTDlinkCTDandNTD,C04
20250915_Ab42_CTDlinkCTDandNTD,C05
20250915_Ab42_CTDlinkCTDandNTD,C06
20250915_Ab42_CTDlinkCTDandNTD,C07
20250915_Ab42_CTDlinkCTDandNTD,C08
20250915_Ab42_CTDlinkCTDandNTD,C09
20250915_Ab42_CTDlinkCTDandNTD,C10
20250915_Ab42_CTDlinkCTDandNTD,C11
20250915_Ab42_CTDlinkCTDandNTD,C12
20250915_Ab42_CTDlinkCTDandNTD,D01
20250915_Ab42_CTDlinkCTDandNTD,D02
20250915_Ab42_CTDlinkCTDandNTD,D03
20250915_Ab42_CTDlinkCTDandNTD,D04
20250915_Ab42_CTDlinkCTDandNTD,D05
20250915_Ab42_CTDlinkCTDandNTD,D06
20250915_Ab42_CTDlinkCTDandNTD,D07
20250915_Ab42_CTDlinkCTDandNTD,D08
20250915_Ab42_CTDlinkCTDandNTD,D09
20250915_Ab42_CTDlinkCTDandNTD,D10
20250915_Ab42_CTDlinkCTDandNTD,D11
20250915_Ab42_CTDlinkCTDandNTD,D12
20250915_Ab42_CTDlinkCTDandNTD,E01
20250915_Ab42_CTDlinkCTDandNTD,E02
20250915_Ab42_CTDlinkCTDandNTD,E03
20250915_Ab42_CTDlinkCTDandNTD,E04
20250915_Ab42_CTDlinkCTDandNTD,E05
20250915_Ab42_CTDlinkCTDandNTD,E06
20250915_Ab42_CTDlinkCTDandNTD,E07
20250915_Ab42_CTDlinkCTDandNTD,E08
20250915_Ab42_CTDlinkCTDandNTD,E09
20250915_Ab42_CTDlinkCTDandNTD,E10
20250915_Ab42_CTDlinkCTDandNTD,E11
20250915_Ab42_CTDlinkCTDandNTD,E12
20250915_Ab42_CTDlinkCTDandNTD,F01
20250915_Ab42_CTDlinkCTDandNTD,F02
20250915_Ab42_CTDlinkCTDandNTD,F03
20250915_Ab42_CTDlinkCTDandNTD,F04
20250915_Ab42_CTDlinkCTDandNTD,F05
20250915_Ab42_CTDlinkCTDandNTD,F06
20250915_Ab42_CTDlinkCTDandNTD,F07
20250915_Ab42_CTDlinkCTDandNTD,F08
20250915_Ab42_CTDlinkCTDandNTD,F09
20250915_Ab42_CTDlinkCTDandNTD,F10
20250915_Ab42_CTDlinkCTDandNTD,F11
20250915_Ab42_CTDlinkCTDandNTD,F12
20250915_Ab42_CTDlinkCTDandNTD,G01
20250915_Ab42_CTDlinkCTDandNTD,G02
20250915_Ab42_CTDlinkCTDandNTD,G03
20250915_Ab42_CTDlinkCTDandNTD,G04
20250915_Ab42_CTDlinkCTDandNTD,G05
20250915_Ab42_CTDlinkCTDandNTD,G06
20250915_Ab42_CTDlinkCTDandNTD,G07
20250915_Ab42_CTDlinkCTDandNTD,G08
20250915_Ab42_CTDlinkCTDandNTD,G09
20250915_Ab42_CTDlinkCTDandNTD,G10
20250915_Ab42_CTDlinkCTDandNTD,G11
20250915_Ab42_CTDlinkCTDandNTD,G12
20250915_Ab42_CTDlinkCTDandNTD,H01
20250915_Ab42_CTDlinkCTDandNTD,H02
20250915_Ab42_CTDlinkCTDandNTD,H03
20250915_Ab42_CTDlinkCTDandNTD,H04
20250915_Ab42_CTDlinkCTDandNTD,H05
20250915_Ab42_CTDlinkCTDandNTD,H06
20250915_Ab42_CTDlinkCTDandNTD,H07
20250915_Ab42_CTDlinkCTDandNTD,H08
20250915_Ab42_CTDlinkCTDandNTD,H09
20250915_Ab42_CTDlinkCTDandNTD,H10
20250915_Ab42_CTDlinkCTDandNTD,H11
20250915_Ab42_CTDlinkCTDandNTD,H12
2025102o_ASyn_seednoseed,A01
2025102o_ASyn_seednoseed,A02
2025102o_ASyn_seednoseed,A03
2025102o_ASyn_seednoseed,A04
2025102o_ASyn_seednoseed,A05
2025102o_ASyn_seednoseed,A06
2025102o_ASyn_seednoseed,A07
2025102o_ASyn_seednoseed,A08
2025102o_ASyn_seednoseed,A09
2025102o_ASyn_seednoseed,A10
2025102o_ASyn_seednoseed,A11
2025102o_ASyn_seednoseed,A12
2025102o_ASyn_seednoseed,B01
2025102o_ASyn_seednoseed,B02
2025102o_ASyn_seednoseed,B03
2025102o_ASyn_seednoseed,B04
2025102o_ASyn_seednoseed,B05
2025102o_ASyn_seednoseed,B06
2025102o_ASyn_seednoseed,B07
2025102o_ASyn_seednoseed,B08
2025102o_ASyn_seednoseed,B09
2025102o_ASyn_seednoseed,B10
2025102o_ASyn_seednoseed,B11
2025102o_ASyn_seednoseed,B12
2025102o_ASyn_seednoseed,C01
2025102o_ASyn_seednoseed,C02
2025102o_ASyn_seednoseed,C03
2025102o_ASyn_seednoseed,C04
2025102o_ASyn_seednoseed,C05
2025102o_ASyn_seednoseed,C06
2025102o_ASyn_seednoseed,C07
2025102o_ASyn_seednoseed,C08
2025102o_ASyn_seednoseed,C09
2025102o_ASyn_seednoseed,C10
2025102o_ASyn_seednoseed,C11
2025102o_ASyn_seednoseed,C12
2025102o_ASyn_seednoseed,D01
2025102o_ASyn_seednoseed,D02
2025102o_ASyn_seednoseed,D03
2025102o_ASyn_seednoseed,D04
2025102o_ASyn_seednoseed,D05
2025102o_ASyn_seednoseed,D06
2025102o_ASyn_seednoseed,D07
2025102o_ASyn_seednoseed,D08
2025102o_ASyn_seednoseed,D09
2025102o_ASyn_seednoseed,D10
2025102o_ASyn_seednoseed,D11
2025102o_ASyn_seednoseed,D12
2025102o_ASyn_seednoseed,E01
2025102o_ASyn_seednoseed,E02
2025102o_ASyn_seednoseed,E03
2025102o_ASyn_seednoseed,E04
2025102o_ASyn_seednoseed,E05
2025102o_ASyn_seednoseed,E06
2025102o_ASyn_seednoseed,E07
2025102o_ASyn_seednoseed,E08
2025102o_ASyn_seednoseed,E09
2025102o_ASyn_seednoseed,E10
2025102o_ASyn_seednoseed,E11
2025102o_ASyn_seednoseed,E12
2025102o_ASyn_seednoseed,F01
2025102o_ASyn_seednoseed,F02
2025102o_ASyn_seednoseed,F03
2025102o_ASyn_seednoseed,F04
2025102o_ASyn_seednoseed,F05
2025102o_ASyn_seednoseed,F06
2025102o_ASyn_seednoseed,F07
2025102o_ASyn_seednoseed,F08
2025102o_ASyn_seednoseed,F09
2025102o_ASyn_seednoseed,F10
2025102o_ASyn_seednoseed,F11
2025102o_ASyn_seednoseed,F12
2025102o_ASyn_seednoseed,G01
2025102o_ASyn_seednoseed,G02
2025102o_ASyn_seednoseed,G03
2025102o_ASyn_seednoseed,G04
2025102o_ASyn_seednoseed,G05
2025102o_ASyn_seednoseed,G06
2025102o_ASyn_seednoseed,G07
2025102o_ASyn_seednoseed,G08
2025102o_ASyn_seednoseed,G09
2025102o_ASyn_seednoseed,G10
2025102o_ASyn_seednoseed,G11
2025102o_ASyn_seednoseed,G12
2025102o_ASyn_seednoseed,H01
2025102o_ASyn_seednoseed,H02
2025102o_ASyn_seednoseed,H03
2025102o_ASyn_seednoseed,H04
2025102o_ASyn_seednoseed,H05
2025102o_ASyn_seednoseed,H06
2025102o_ASyn_seednoseed,H07
2025102o_ASyn_seednoseed,H08
2025102o_ASyn_seednoseed,H09
2025102o_ASyn_seednoseed,H10
2025102o_ASyn_seednoseed,H11
2025102o_ASyn_seednoseed,H12
20260102_tauAD,C01
20260102_tauAD,C02
20260102_tauAD,C03
20260102_tauAD,C04
20260102_tauAD,C05
20260102_tauAD,C06
20260102_tauAD,C07
20260102_tauAD,C08
20260102_tauAD,D01
20260102_tauAD,D02
20260102_tauAD,D03
20260102_tauAD,D04
20260102_tauAD,D05
20260102_tauAD,D06
20260102_tauAD,D07
20260102_tauAD,D08
20260106_tauAD_various_Ab42,A01
20260106_tauAD_various_Ab42,A02
20260106_tauAD_various_Ab42,A03
20260106_tauAD_various_Ab42,A04
20260106_tauAD_various_Ab42,A05
20260106_tauAD_various_Ab42,A06
20260106_tauAD_various_Ab42,A07
20260106_tauAD_various_Ab42,A08
20260106_tauAD_various_Ab42,A09
20260106_tauAD_various_Ab42,A10
20260106_tauAD_various_Ab42,A11
20260106_tauAD_various_Ab42,A12
20260106_tauAD_various_Ab42,B01
20260106_tauAD_various_Ab42,B02
20260106_tauAD_various_Ab42,B03
20260106_tauAD_various_Ab42,B04
20260106_tauAD_various_Ab42,B05
20260106_tauAD_various_Ab42,B06
20260106_tauAD_various_Ab42,B07
20260106_tauAD_various_Ab42,B08
20260106_tauAD_various_Ab42,B09
20260106_tauAD_various_Ab42,B10
20260106_tauAD_various_Ab42,B11
20260106_tauAD_various_Ab42,B12
20260106_tauAD_various_Ab42,C01
20260106_tauAD_various_Ab42,C02
20260106_tauAD_various_Ab42,C03
20260106_tauAD_various_Ab42,C04
20260106_tauAD_various_Ab42,C05
20260106_tauAD_various_Ab42,C06
20260106_tauAD_various_Ab42,C07
20260106_tauAD_various_Ab42,C08
20260106_tauAD_various_Ab42,C09
20260106_tauAD_various_Ab42,C10
20260106_tauAD_various_Ab42,C11
20260106_tauAD_various_Ab42,C12
20260106_tauAD_various_Ab42,D01
20260106_tauAD_various_Ab42,D02
20260106_tauAD_various_Ab42,D03
20260106_tauAD_various_Ab42,D04
20260106_tauAD_various_Ab42,D05
20260106_tauAD_various_Ab42,D06
20260106_tauAD_various_Ab42,D07
20260106_tauAD_various_Ab42,D08
20260106_tauAD_various_Ab42,D09
20260106_tauAD_various_Ab42,D10
20260106_tauAD_various_Ab42,D11
20260106_tauAD_various_Ab42,D12
20260106_tauAD_various_Ab42,E01
20260106_tauAD_various_Ab42,E02
20260106_tauAD_various_Ab42,E03
20260106_tauAD_various_Ab42,E04
20260106_tauAD_various_Ab42,E05
20260106_tauAD_various_Ab42,E06
20260106_tauAD_various_Ab42,E07
20260106_tauAD_various_Ab42,E08
20260106_tauAD_various_Ab42,E09
20260106_tauAD_various_Ab42,E10
20260106_tauAD_various_Ab42,E11
20260106_tauAD_various_Ab42,E12
20260106_tauAD_various_Ab42,F01
20260106_tauAD_various_Ab42,F02
20260106_tauAD_various_Ab42,F03
20260106_tauAD_various_Ab42,F04
20260106_tauAD_various_Ab42,F05
20260106_tauAD_various_Ab42,F06
20260106_tauAD_various_Ab42,F07
20260106_tauAD_various_Ab42,F08
20260106_tauAD_various_Ab42,F09
20260106_tauAD_various_Ab42,F10
20260106_tauAD_various_Ab42,F11
20260106_tauAD_various_Ab42,F12
20260106_tauAD_various_Ab42,G01
20260106_tauAD_various_Ab42,G02
20260106_tauAD_various_Ab42,G03
20260106_tauAD_various_Ab42,G04
20260106_tauAD_various_Ab42,G05
20260106_tauAD_various_Ab42,G06
20260106_tauAD_various_Ab42,G07
20260106_tauAD_various_Ab42,G08
20260106_tauAD_various_Ab42,G09
20260106_tauAD_various_Ab42,G10
20260106_tauAD_various_Ab42,G11
20260106_tauAD_various_Ab42,G12
20260106_tauAD_various_Ab42,H01
20260106_tauAD_various_Ab42,H02
20260106_tauAD_various_Ab42,H03
20260106_tauAD_various_Ab42,H04
20260106_tauAD_various_Ab42,H05
20260106_tauAD_various_Ab42,H06
20260106_tauAD_various_Ab42,H07
20260106_tauAD_various_Ab42,H08
20260106_tauAD_various_Ab42,H09
20260106_tauAD_various_Ab42,H10
20260106_tauAD_various_Ab42,H11
20260106_tauAD_various_Ab42,H12
210210_AB42_HDL_cholestero,A01
210210_AB42_HDL_cholestero,A02
210210_AB42_HDL_cholestero,A03
210210_AB42_HDL_cholestero,A04
210210_AB42_HDL_cholestero,A05
210210_AB42_HDL_cholestero,A06
210210_AB42_HDL_cholestero,A07
210210_AB42_HDL_cholestero,A08
210210_AB42_HDL_cholestero,A09
210210_AB42_HDL_cholestero,A10
210210_AB42_HDL_cholestero,A11
210210_AB42_HDL_cholestero,A12
210210_AB42_HDL_cholestero,B01
210210_AB42_HDL_cholestero,B02
210210_AB42_HDL_cholestero,B03
210210_AB42_HDL_cholestero,B04
210210_AB42_HDL_cholestero,B05
210210_AB42_HDL_cholestero,B06
210210_AB42_HDL_cholestero,B07
210210_AB42_HDL_cholestero,B08
210210_AB42_HDL_cholestero,B09
210210_AB42_HDL_cholestero,B10
210210_AB42_HDL_cholestero,B11
210210_AB42_HDL_cholestero,B12
210210_AB42_HDL_cholestero,C01
210210_AB42_HDL_cholestero,C02
210210_AB42_HDL_cholestero,C03
210210_AB42_HDL_cholestero,C04
210210_AB42_HDL_cholestero,C05
210210_AB42_HDL_cholestero,C06
210210_AB42_HDL_cholestero,C07
210210_AB42_HDL_cholestero,C08
210210_AB42_HDL_cholestero,C09
210210_AB42_HDL_cholestero,C10
210210_AB42_HDL_cholestero,C11
210210_AB42_HDL_cholestero,C12
210210_AB42_HDL_cholestero,D01
210210_AB42_HDL_cholestero,D02
210210_AB42_HDL_cholestero,D03
210210_AB42_HDL_cholestero,D04
210210_AB42_HDL_cholestero,D05
210210_AB42_HDL_cholestero,D06
210210_AB42_HDL_cholestero,D07
210210_AB42_HDL_cholestero,D08
210210_AB42_HDL_cholestero,D09
210210_AB42_HDL_cholestero,D10
210210_AB42_HDL_cholestero,D11
210210_AB42_HDL_cholestero,D12
210210_AB42_HDL_cholestero,E01
210210_AB42_HDL_cholestero,E02
210210_AB42_HDL_cholestero,E03
210210_AB42_HDL_cholestero,E04
210210_AB42_HDL_cholestero,E05
210210_AB42_HDL_cholestero,E06
210210_AB42_HDL_cholestero,E07
210210_AB42_HDL_cholestero,E08
210210_AB42_HDL_cholestero,E09
210210_AB42_HDL_cholestero,E10
210210_AB42_HDL_cholestero,E11
210210_AB42_HDL_cholestero,E12
210210_AB42_HDL_cholestero,F01
210210_AB42_HDL_cholestero,F02
210210_AB42_HDL_cholestero,F03
211110 jing 1min full new start,A01
211110 jing 1min full new start,A02
211110 jing 1min full new start,A03
211110 jing 1min full new start,A04
211110 jing 1min full new start,A05
211110 jing 1min full new start,A06
211110 jing 1min full new start,A07
211110 jing 1min full new start,A08
211110 jing 1min full new start,A09
211110 jing 1min full new start,A10
211110 jing 1min full new start,A11
211110 jing 1min full new start,A12
211110 jing 1min full new start,B01
211110 jing 1min full new start,B02
211110 jing 1min full new start,B03
211110 jing 1min full new start,B04
211110 jing 1min full new start,B05
211110 jing 1min full new start,B06
211110 jing 1min full new start,B07
211110 jing 1min full new start,B08
211110 jing 1min full new start,B09
211110 jing 1min full new start,B10
211110 jing 1min full new start,B11
211110 jing 1min full new start,B12
211110 jing 1min full new start,C01
211110 jing 1min full new start,C02
211110 jing 1min full new start,C03
211110 jing 1min full new start,C04
211110 jing 1min full new start,C05
211110 jing 1min full new start,C06
211110 jing 1min full new start,C07
211110 jing 1min full new start,C08
211110 jing 1min full new start,C09
211110 jing 1min full new start,C10
211110 jing 1min full new start,C11
211110 jing 1min full new start,C12
211110 jing 1min full new start,D01
211110 jing 1min full new start,D02
211110 jing 1min full new start,D03
211110 jing 1min full new start,D04
211110 jing 1min full new start,D05
211110 jing 1min full new start,D06
211110 jing 1min full new start,D07
211110 jing 1min full new start,D08
211110 jing 1min full new start,D09
211110 jing 1min full new start,D10
211110 jing 1min full new start,D11
211110 jing 1min full new start,D12
211110 jing 1min full new start,E01
211110 jing 1min full new start,E02
211110 jing 1min full new start,E03
211110 jing 1min full new start,E04
211110 jing 1min full new start,E05
211110 jing 1min full new start,E06
211110 jing 1min full new start,E07
211110 jing 1min full new start,E08
211110 jing 1min full new start,E09
211110 jing 1min full new start,E10
211110 jing 1min full new start,E11
211110 jing 1min full new start,E12
211110 jing 1min full new start,F01
211110 jing 1min full new start,F02
211110 jing 1min full new start,F03
211110 jing 1min full new start,F04
211110 jing 1min full new start,F05
211110 jing 1min full new start,F06
211110 jing 1min full new start,F07
211110 jing 1min full new start,F08
211110 jing 1min full new start,F09
211110 jing 1min full new start,F10
211110 jing 1min full new start,F11
211110 jing 1min full new start,F12
211110 jing 1min full new start,G01
211110 jing 1min full new start,G02
211110 jing 1min full new start,G03
211110 jing 1min full new start,G04
211110 jing 1min full new start,G05
211110 jing 1min full new start,G06
211110 jing 1min full new start,G07
211110 jing 1min full new start,G08
211110 jing 1min full new start,G09
211110 jing 1min full new start,G10
211110 jing 1min full new start,G11
211110 jing 1min full new start,G12
211110 jing 1min full new start,H01
211110 jing 1min full new start,H02
211110 jing 1min full new start,H03
211110 jing 1min full new start,H04
211110 jing 1min full new start,H05
211110 jing 1min full new start,H06
211110 jing 1min full new start,H07
211110 jing 1min full new start,H08
211110 jing 1min full new start,H09
211110 jing 1min full new start,H10
211110 jing 1min full new start,H11
211110 jing 1min full new start,H12
211110 jing 1min fulladd dye,A01
211110 jing 1min fulladd dye,A02
211110 jing 1min fulladd dye,A03
211110 jing 1min fulladd dye,A04
211110 jing 1min fulladd dye,A05
211110 jing 1min fulladd dye,A06
211110 jing 1min fulladd dye,A07
211110 jing 1min fulladd dye,A08
211110 jing 1min fulladd dye,A09
211110 jing 1min fulladd dye,A10
211110 jing 1min fulladd dye,A11
211110 jing 1min fulladd dye,A12
211110 jing 1min fulladd dye,B01
211110 jing 1min fulladd dye,B02
211110 jing 1min fulladd dye,B03
211110 jing 1min fulladd dye,B04
211110 jing 1min fulladd dye,B05
211110 jing 1min fulladd dye,B06
211110 jing 1min fulladd dye,B07
211110 jing 1min fulladd dye,B08
211110 jing 1min fulladd dye,B09
211110 jing 1min fulladd dye,B10
211110 jing 1min fulladd dye,B11
211110 jing 1min fulladd dye,B12
211110 jing 1min fulladd dye,C01
211110 jing 1min fulladd dye,C02
211110 jing 1min fulladd dye,C03
211110 jing 1min fulladd dye,C04
211110 jing 1min fulladd dye,C05
211110 jing 1min fulladd dye,C06
211110 jing 1min fulladd dye,C07
211110 jing 1min fulladd dye,C08
211110 jing 1min fulladd dye,C09
211110 jing 1min fulladd dye,C10
211110 jing 1min fulladd dye,C11
211110 jing 1min fulladd dye,C12
211110 jing 1min fulladd dye,D01
211110 jing 1min fulladd dye,D02
211110 jing 1min fulladd dye,D03
211110 jing 1min fulladd dye,D04
211110 jing 1min fulladd dye,D05
211110 jing 1min fulladd dye,D06
211110 jing 1min fulladd dye,D07
211110 jing 1min fulladd dye,D08
211110 jing 1min fulladd dye,D09
211110 jing 1min fulladd dye,D10
211110 jing 1min fulladd dye,D11
211110 jing 1min fulladd dye,D12
211110 jing 1min fulladd dye,E01
211110 jing 1min fulladd dye,E02
211110 jing 1min fulladd dye,E03
211110 jing 1min fulladd dye,E04
211110 jing 1min fulladd dye,E05
211110 jing 1min fulladd dye,E06
211110 jing 1min fulladd dye,E07
211110 jing 1min fulladd dye,E08
211110 jing 1min fulladd dye,E09
211110 jing 1min fulladd dye,E10
211110 jing 1min fulladd dye,E11
211110 jing 1min fulladd dye,E12
211110 jing 1min fulladd dye,F01
211110 jing 1min fulladd dye,F02
211110 jing 1min fulladd dye,F03
211110 jing 1min fulladd dye,F04
211110 jing 1min fulladd dye,F05
211110 jing 1min fulladd dye,F06
211110 jing 1min fulladd dye,F07
211110 jing 1min fulladd dye,F08
211110 jing 1min fulladd dye,F09
211110 jing 1min fulladd dye,F10
211110 jing 1min fulladd dye,F11
211110 jing 1min fulladd dye,F12
211110 jing 1min fulladd dye,G01
211110 jing 1min fulladd dye,G02
211110 jing 1min fulladd dye,G03
211110 jing 1min fulladd dye,G04
211110 jing 1min fulladd dye,G05
211110 jing 1min fulladd dye,G06
211110 jing 1min fulladd dye,G07
211110 jing 1min fulladd dye,G08
211110 jing 1min fulladd dye,G09
211110 jing 1min fulladd dye,G10
211110 jing 1min fulladd dye,G11
211110 jing 1min fulladd dye,G12
211110 jing 1min fulladd dye,H01
211110 jing 1min fulladd dye,H02
211110 jing 1min fulladd dye,H03
211110 jing 1min fulladd dye,H04
211110 jing 1min fulladd dye,H05
211110 jing 1min fulladd dye,H06
211110 jing 1min fulladd dye,H07
211110 jing 1min fulladd dye,H08
211110 jing 1min fulladd dye,H09
211110 jing 1min fulladd dye,H10
211110 jing 1min fulladd dye,H11
211110 jing 1min fulladd dye,H12
220715 AB42 slow fluostar4,A01
220715 AB42 slow fluostar4,A02
220715 AB42 slow fluostar4,A03
220715 AB42 slow fluostar4,A04
220715 AB42 slow fluostar4,A05
220715 AB42 slow fluostar4,A06
220715 AB42 slow fluostar4,A07
220715 AB42 slow fluostar4,A08
220715 AB42 slow fluostar4,A09
220715 AB42 slow fluostar4,A10
220715 AB42 slow fluostar4,A11
220715 AB42 slow fluostar4,A12
220715 AB42 slow fluostar4,B01
220715 AB42 slow fluostar4,B02
220715 AB42 slow fluostar4,B03
220715 AB42 slow fluostar4,B04
220715 AB42 slow fluostar4,B05
220715 AB42 slow fluostar4,B06
220715 AB42 slow fluostar4,B07
220715 AB42 slow fluostar4,B08
220715 AB42 slow fluostar4,B09
220715 AB42 slow fluostar4,B10
220715 AB42 slow fluostar4,B11
220715 AB42 slow fluostar4,B12
220715 AB42 slow fluostar4,C01
220715 AB42 slow fluostar4,C02
220715 AB42 slow fluostar4,C03
220715 AB42 slow fluostar4,C04
220715 AB42 slow fluostar4,C05
220715 AB42 slow fluostar4,C06
220715 AB42 slow fluostar4,C07
220715 AB42 slow fluostar4,C08
220715 AB42 slow fluostar4,C09
220715 AB42 slow fluostar4,C10
220715 AB42 slow fluostar4,C11
220715 AB42 slow fluostar4,C12
220715 AB42 slow fluostar4,D01
220715 AB42 slow fluostar4,D02
220715 AB42 slow fluostar4,D03
220715 AB42 slow fluostar4,D04
220715 AB42 slow fluostar4,D05
220715 AB42 slow fluostar4,D06
220715 AB42 slow fluostar4,D07
220715 AB42 slow fluostar4,D08
220715 AB42 slow fluostar4,D09
220715 AB42 slow fluostar4,D10
220715 AB42 slow fluostar4,D11
220715 AB42 slow fluostar4,D12
220715 AB42 slow fluostar4,E01
220715 AB42 slow fluostar4,E02
220715 AB42 slow fluostar4,E03
220715 AB42 slow fluostar4,E04
220715 AB42 slow fluostar4,E05
220715 AB42 slow fluostar4,E06
220715 AB42 slow fluostar4,E07
220715 AB42 slow fluostar4,E08
220715 AB42 slow fluostar4,E09
220715 AB42 slow fluostar4,E10
220715 AB42 slow fluostar4,E11
220715 AB42 slow fluostar4,E12
220715 AB42 slow fluostar4,F01
220715 AB42 slow fluostar4,F02
220715 AB42 slow fluostar4,F03
220715 AB42 slow fluostar4,F04
220715 AB42 slow fluostar4,F05
220715 AB42 slow fluostar4,F06
220715 AB42 slow fluostar4,F07
220715 AB42 slow fluostar4,F08
220715 AB42 slow fluostar4,F09
220715 AB42 slow fluostar4,F10
220715 AB42 slow fluostar4,F11
220715 AB42 slow fluostar4,F12
220715 AB42 slow fluostar4,G01
220715 AB42 slow fluostar4,G02
220715 AB42 slow fluostar4,G03
220715 AB42 slow fluostar4,G04
220715 AB42 slow fluostar4,G05
220715 AB42 slow fluostar4,G06
220715 AB42 slow fluostar4,G07
220715 AB42 slow fluostar4,G08
220715 AB42 slow fluostar4,G09
220715 AB42 slow fluostar4,G10
220715 AB42 slow fluostar4,G11
220715 AB42 slow fluostar4,G12
220715 AB42 slow fluostar4,H01
220715 AB42 slow fluostar4,H02
220715 AB42 slow fluostar4,H03
220715 AB42 slow fluostar4,H04
220715 AB42 slow fluostar4,H05
220715 AB42 slow fluostar4,H06
220715 AB42 slow fluostar4,H07
220715 AB42 slow fluostar4,H08
220715 AB42 slow fluostar4,H09
220715 AB42 slow fluostar4,H10
220715 AB42 slow fluostar4,H11
220715 AB42 slow fluostar4,H12
220727ab42gm1,A01
220727ab42gm1,A02
220727ab42gm1,A03
220727ab42gm1,A04
220727ab42gm1,A05
220727ab42gm1,A06
220727ab42gm1,A07
220727ab42gm1,A08
220727ab42gm1,A09
220727ab42gm1,A10
220727ab42gm1,A11
220727ab42gm1,A12
220727ab42gm1,B01
220727ab42gm1,B02
220727ab42gm1,B03
220727ab42gm1,B04
220727ab42gm1,B05
220727ab42gm1,B06
220727ab42gm1,B07
220727ab42gm1,B08
220727ab42gm1,B09
220727ab42gm1,B10
220727ab42gm1,B11
220727ab42gm1,B12
220727ab42gm1,C01
220727ab42gm1,C02
220727ab42gm1,C03
220727ab42gm1,C04
220727ab42gm1,C05
220727ab42gm1,C06
220727ab42gm1,C07
220727ab42gm1,C08
220727ab42gm1,C09
220727ab42gm1,C10
220727ab42gm1,C11
220727ab42gm1,C12
220727ab42gm1,D01
220727ab42gm1,D02
220727ab42gm1,D03
220727ab42gm1,D04
220727ab42gm1,D05
220727ab42gm1,D06
220727ab42gm1,D07
220727ab42gm1,D08
220727ab42gm1,D09
220727ab42gm1,D10
220727ab42gm1,D11
220727ab42gm1,D12
220727ab42gm1,E01
220727ab42gm1,E02
220727ab42gm1,E03
220727ab42gm1,E04
220727ab42gm1,E05
220727ab42gm1,E06
220727ab42gm1,E07
220727ab42gm1,E08
220727ab42gm1,E09
220727ab42gm1,E10
220727ab42gm1,E11
220727ab42gm1,E12
220727ab42gm1,F01
220727ab42gm1,F02
220727ab42gm1,F03
220727ab42gm1,F04
220727ab42gm1,F05
220727ab42gm1,F06
220727ab42gm1,F07
220727ab42gm1,F08
220727ab42gm1,F09
220727ab42gm1,F10
220727ab42gm1,F11
220727ab42gm1,F12
220727ab42gm1,G01
220727ab42gm1,G02
220727ab42gm1,G03
220727ab42gm1,G04
220727ab42gm1,G05
220727ab42gm1,G06
220727ab42gm1,G07
220727ab42gm1,G08
220727ab42gm1,G09
220727ab42gm1,G10
220727ab42gm1,G11
220727ab42gm1,G12
220727ab42gm1,H01
220727ab42gm1,H02
220727ab42gm1,H03
220727ab42gm1,H04
220727ab42gm1,H05
220727ab42gm1,H06
220727ab42gm1,H07
220727ab42gm1,H08
220727ab42gm1,H09
220727ab42gm1,H10
220727ab42gm1,H11
220727ab42gm1,H12
221129 0 0 221104,A01
221129 0 0 221104,A02
221129 0 0 221104,A03
221129 0 0 221104,A04
221129 0 0 221104,A05
221129 0 0 221104,A06
221129 0 0 221104,A07
221129 0 0 221104,A08
221129 0 0 221104,A09
221129 0 0 221104,A10
221129 0 0 221104,A11
221129 0 0 221104,A12
221129 0 0 221104,B01
221129 0 0 221104,B02
221129 0 0 221104,B03
221129 0 0 221104,B04
221129 0 0 221104,B05
221129 0 0 221104,B06
221129 0 0 221104,B07
221129 0 0 221104,B08
221129 0 0 221104,B09
221129 0 0 221104,B10
221129 0 0 221104,B11
221129 0 0 221104,B12
221129 0 0 221104,C01
221129 0 0 221104,C02
221129 0 0 221104,C03
221129 0 0 221104,C04
221129 0 0 221104,C05
221129 0 0 221104,C06
221129 0 0 221104,C07
221129 0 0 221104,C08
221129 0 0 221104,C09
221129 0 0 221104,C10
221129 0 0 221104,C11
221129 0 0 221104,C12
221129 0 0 221104,D01
221129 0 0 221104,D02
221129 0 0 221104,D03
221129 0 0 221104,D04
221129 0 0 221104,D05
221129 0 0 221104,D06
221129 0 0 221104,D07
221129 0 0 221104,D08
221129 0 0 221104,D09
221129 0 0 221104,D10
221129 0 0 221104,D11
221129 0 0 221104,D12
221129 0 0 221104,E01
221129 0 0 221104,E02
221129 0 0 221104,E03
221129 0 0 221104,E04
221129 0 0 221104,E05
221129 0 0 221104,E06
221129 0 0 221104,E07
221129 0 0 221104,E08
221129 0 0 221104,E09
221129 0 0 221104,E10
221129 0 0 221104,E11
221129 0 0 221104,E12
221129 0 0 221104,F01
221129 0 0 221104,F02
221129 0 0 221104,F03
221129 0 0 221104,F04
221129 0 0 221104,F05
221129 0 0 221104,F06
221129 0 0 221104,F07
221129 0 0 221104,F08
221129 0 0 221104,F09
221129 0 0 221104,F10
221129 0 0 221104,F11
221129 0 0 221104,F12
221129 0 0 221104,G01
221129 0 0 221104,G02
221129 0 0 221104,G03
221129 0 0 221104,G04
221129 0 0 221104,G05
221129 0 0 221104,G06
221129 0 0 221104,G07
221129 0 0 221104,G08
221129 0 0 221104,G09
221129 0 0 221104,G10
221129 0 0 221104,G11
221129 0 0 221104,G12
221129 0 0 221104,H01
221129 0 0 221104,H02
221129 0 0 221104,H03
221129 0 0 221104,H04
221129 0 0 221104,H05
221129 0 0 221104,H06
221129 0 0 221104,H07
221129 0 0 221104,H08
221129 0 0 221104,H09
221129 0 0 221104,H10
221129 0 0 221104,H11
221129 0 0 221104,H12
260126 D4 E5 asyn Erik,B02
260126 D4 E5 asyn Erik,B03
260126 D4 E5 asyn Erik,B04
260126 D4 E5 asyn Erik,B05
260126 D4 E5 asyn Erik,B06
260126 D4 E5 asyn Erik,B07
260126 D4 E5 asyn Erik,B08
260126 D4 E5 asyn Erik,B09
260126 D4 E5 asyn Erik,B10
260126 D4 E5 asyn Erik,B11
260126 D4 E5 asyn Erik,B12
260126 D4 E5 asyn Erik,C02
260126 D4 E5 asyn Erik,C03
260126 D4 E5 asyn Erik,C04
260126 D4 E5 asyn Erik,C05
260126 D4 E5 asyn Erik,C06
260126 D4 E5 asyn Erik,C07
260126 D4 E5 asyn Erik,C08
260126 D4 E5 asyn Erik,C09
260126 D4 E5 asyn Erik,C10
260126 D4 E5 asyn Erik,C11
260126 D4 E5 asyn Erik,C12
260126 D4 E5 asyn Erik,D02
260126 D4 E5 asyn Erik,D03
260126 D4 E5 asyn Erik,D04
260126 D4 E5 asyn Erik,D05
260126 D4 E5 asyn Erik,D06
260126 D4 E5 asyn Erik,D07
260126 D4 E5 asyn Erik,D08
260126 D4 E5 asyn Erik,D09
260126 D4 E5 asyn Erik,D10
260126 D4 E5 asyn Erik,D11
260126 D4 E5 asyn Erik,D12
260126 D4 E5 asyn Erik,E02
260126 D4 E5 asyn Erik,E03
260126 D4 E5 asyn Erik,E04
260126 D4 E5 asyn Erik,E05
260126 D4 E5 asyn Erik,E06
260126 D4 E5 asyn Erik,E07
260126 D4 E5 asyn Erik,E08
260126 D4 E5 asyn Erik,E09
260126 D4 E5 asyn Erik,E10
260126 D4 E5 asyn Erik,E11
260126 D4 E5 asyn Erik,E12
260126 D4 E5 asyn Erik,F02
260126 D4 E5 asyn Erik,F03
260126 D4 E5 asyn Erik,F04
260126 D4 E5 asyn Erik,F05
260126 D4 E5 asyn Erik,F06
260126 D4 E5 asyn Erik,F07
260126 D4 E5 asyn Erik,F08
260126 D4 E5 asyn Erik,F09
260126 D4 E5 asyn Erik,F10
260126 D4 E5 asyn Erik,F11
260126 D4 E5 asyn Erik,F12
260126 D4 E5 asyn Erik,G02
260126 D4 E5 asyn Erik,G03
260126 D4 E5 asyn Erik,G04
260126 D4 E5 asyn Erik,G05
260126 D4 E5 asyn Erik,G06
260126 D4 E5 asyn Erik,G07
260126 D4 E5 asyn Erik,G08
260126 D4 E5 asyn Erik,G09
260126 D4 E5 asyn Erik,G10
260126 D4 E5 asyn Erik,G11
260126 D4 E5 asyn Erik,G12
260130 F6 H8 asyn Erik,B02
260130 F6 H8 asyn Erik,B03
260130 F6 H8 asyn Erik,B04
260130 F6 H8 asyn Erik,B05
260130 F6 H8 asyn Erik,B06
260130 F6 H8 asyn Erik,B07
260130 F6 H8 asyn Erik,B08
260130 F6 H8 asyn Erik,B09
260130 F6 H8 asyn Erik,B10
260130 F6 H8 asyn Erik,B11
260130 F6 H8 asyn Erik,B12
260130 F6 H8 asyn Erik,C02
260130 F6 H8 asyn Erik,C03
260130 F6 H8 asyn Erik,C04
260130 F6 H8 asyn Erik,C05
260130 F6 H8 asyn Erik,C06
260130 F6 H8 asyn Erik,C07
260130 F6 H8 asyn Erik,C08
260130 F6 H8 asyn Erik,C09
260130 F6 H8 asyn Erik,C10
260130 F6 H8 asyn Erik,C11
260130 F6 H8 asyn Erik,C12
260130 F6 H8 asyn Erik,D02
260130 F6 H8 asyn Erik,D03
260130 F6 H8 asyn Erik,D04
260130 F6 H8 asyn Erik,D05
260130 F6 H8 asyn Erik,D06
260130 F6 H8 asyn Erik,D07
260130 F6 H8 asyn Erik,D08
260130 F6 H8 asyn Erik,D09
260130 F6 H8 asyn Erik,D10
260130 F6 H8 asyn Erik,D11
260130 F6 H8 asyn Erik,D12
260130 F6 H8 asyn Erik,E02
260130 F6 H8 asyn Erik,E03
260130 F6 H8 asyn Erik,E04
260130 F6 H8 asyn Erik,E05
260130 F6 H8 asyn Erik,E06
260130 F6 H8 asyn Erik,E07
260130 F6 H8 asyn Erik,E08
260130 F6 H8 asyn Erik,E09
260130 F6 H8 asyn Erik,E10
260130 F6 H8 asyn Erik,E11
260130 F6 H8 asyn Erik,E12
260130 F6 H8 asyn Erik,F02
260130 F6 H8 asyn Erik,F03
260130 F6 H8 asyn Erik,F04
260130 F6 H8 asyn Erik,F05
260130 F6 H8 asyn Erik,F06
260130 F6 H8 asyn Erik,F07
260130 F6 H8 asyn Erik,F08
260130 F6 H8 asyn Erik,F09
260130 F6 H8 asyn Erik,F10
260130 F6 H8 asyn Erik,F11
260130 F6 H8 asyn Erik,F12
260130 F6 H8 asyn Erik,G02
260130 F6 H8 asyn Erik,G03
260130 F6 H8 asyn Erik,G04
260130 F6 H8 asyn Erik,G05
260130 F6 H8 asyn Erik,G06
260130 F6 H8 asyn Erik,G07
260130 F6 H8 asyn Erik,G08
260130 F6 H8 asyn Erik,G09
260130 F6 H8 asyn Erik,G10
260130 F6 H8 asyn Erik,G11
260130 F6 H8 asyn Erik,G12
260130IAPP20oC,B02
260130IAPP20oC,B03
260130IAPP20oC,B04
260130IAPP20oC,B05
260130IAPP20oC,B06
260130IAPP20oC,B07
260130IAPP20oC,B08
260130IAPP20oC,B09
260130IAPP20oC,B10
260130IAPP20oC,B11
260130IAPP20oC,C02
260130IAPP20oC,C03
260130IAPP20oC,C04
260130IAPP20oC,C05
260130IAPP20oC,C06
260130IAPP20oC,C07
260130IAPP20oC,C08
260130IAPP20oC,C09
260130IAPP20oC,C10
260130IAPP20oC,C11
260130IAPP20oC,D02
260130IAPP20oC,D03
260130IAPP20oC,D04
260130IAPP20oC,D05
260130IAPP20oC,D06
260130IAPP20oC,D07
260130IAPP20oC,D08
260130IAPP20oC,D09
260130IAPP20oC,D10
260130IAPP20oC,D11
260130IAPP20oC,E02
260130IAPP20oC,E03
260130IAPP20oC,E04
260130IAPP20oC,E05
260130IAPP20oC,E06
260130IAPP20oC,E07
260130IAPP20oC,E08
260130IAPP20oC,E09
260130IAPP20oC,E10
260130IAPP20oC,E11
260130IAPP20oC,F02
260130IAPP20oC,F03
260130IAPP20oC,F04
260130IAPP20oC,F05
260130IAPP20oC,F06
260130IAPP20oC,F07
260130IAPP20oC,F08
260130IAPP20oC,F09
260130IAPP20oC,F10
260130IAPP20oC,F11
260130IAPP20oC,G02
260130IAPP20oC,G03
260130IAPP20oC,G04
260130IAPP20oC,G05
260130IAPP20oC,G06
260130IAPP20oC,G07
260130IAPP20oC,G08
260130IAPP20oC,G09
260130IAPP20oC,G10
260130IAPP20oC,G11
260202IAPP10oC,B02
260202IAPP10oC,B03
260202IAPP10oC,B04
260202IAPP10oC,B05
260202IAPP10oC,B06
260202IAPP10oC,B07
260202IAPP10oC,B08
260202IAPP10oC,B09
260202IAPP10oC,B10
260202IAPP10oC,B11
260202IAPP10oC,C02
260202IAPP10oC,C03
260202IAPP10oC,C04
260202IAPP10oC,C05
260202IAPP10oC,C06
260202IAPP10oC,C07
260202IAPP10oC,C08
260202IAPP10oC,C09
260202IAPP10oC,C10
260202IAPP10oC,C11
260202IAPP10oC,D02
260202IAPP10oC,D03
260202IAPP10oC,D04
260202IAPP10oC,D05
260202IAPP10oC,D06
260202IAPP10oC,D07
260202IAPP10oC,D08
260202IAPP10oC,D09
260202IAPP10oC,D10
260202IAPP10oC,D11
260202IAPP10oC,E02
260202IAPP10oC,E03
260202IAPP10oC,E04
260202IAPP10oC,E05
260202IAPP10oC,E06
260202IAPP10oC,E07
260202IAPP10oC,E08
260202IAPP10oC,E09
260202IAPP10oC,E10
260202IAPP10oC,E11
260202IAPP10oC,F02
260202IAPP10oC,F03
260202IAPP10oC,F04
260202IAPP10oC,F05
260202IAPP10oC,F06
260202IAPP10oC,F07
260202IAPP10oC,F08
260202IAPP10oC,F09
260202IAPP10oC,F10
260202IAPP10oC,F11
260202IAPP10oC,G02
260202IAPP10oC,G03
260202IAPP10oC,G04
260202IAPP10oC,G05
260202IAPP10oC,G06
260202IAPP10oC,G07
260202IAPP10oC,G08
260202IAPP10oC,G09
260202IAPP10oC,G10
260202IAPP10oC,G11
260203 A1 JB6 asyn Erik,B02
260203 A1 JB6 asyn Erik,B03
260203 A1 JB6 asyn Erik,B04
260203 A1 JB6 asyn Erik,B05
260203 A1 JB6 asyn Erik,B06
260203 A1 JB6 asyn Erik,B07
260203 A1 JB6 asyn Erik,B08
260203 A1 JB6 asyn Erik,B09
260203 A1 JB6 asyn Erik,B10
260203 A1 JB6 asyn Erik,B11
260203 A1 JB6 asyn Erik,B12
260203 A1 JB6 asyn Erik,C02
260203 A1 JB6 asyn Erik,C03
260203 A1 JB6 asyn Erik,C04
260203 A1 JB6 asyn Erik,C05
260203 A1 JB6 asyn Erik,C06
260203 A1 JB6 asyn Erik,C07
260203 A1 JB6 asyn Erik,C08
260203 A1 JB6 asyn Erik,C09
260203 A1 JB6 asyn Erik,C10
260203 A1 JB6 asyn Erik,C11
260203 A1 JB6 asyn Erik,C12
260203 A1 JB6 asyn Erik,D02
260203 A1 JB6 asyn Erik,D03
260203 A1 JB6 asyn Erik,D04
260203 A1 JB6 asyn Erik,D05
260203 A1 JB6 asyn Erik,D06
260203 A1 JB6 asyn Erik,D07
260203 A1 JB6 asyn Erik,D08
260203 A1 JB6 asyn Erik,D09
260203 A1 JB6 asyn Erik,D10
260203 A1 JB6 asyn Erik,D11
260203 A1 JB6 asyn Erik,D12
260203 A1 JB6 asyn Erik,E02
260203 A1 JB6 asyn Erik,E03
260203 A1 JB6 asyn Erik,E04
260203 A1 JB6 asyn Erik,E05
260203 A1 JB6 asyn Erik,E06
260203 A1 JB6 asyn Erik,E07
260203 A1 JB6 asyn Erik,E08
260203 A1 JB6 asyn Erik,E09
260203 A1 JB6 asyn Erik,E10
260203 A1 JB6 asyn Erik,E11
260203 A1 JB6 asyn Erik,E12
260203 A1 JB6 asyn Erik,F02
260203 A1 JB6 asyn Erik,F03
260203 A1 JB6 asyn Erik,F04
260203 A1 JB6 asyn Erik,F05
260203 A1 JB6 asyn Erik,F06
260203 A1 JB6 asyn Erik,F07
260203 A1 JB6 asyn Erik,F08
260203 A1 JB6 asyn Erik,F09
260203 A1 JB6 asyn Erik,F10
260203 A1 JB6 asyn Erik,F11
260203 A1 JB6 asyn Erik,F12
260203 A1 JB6 asyn Erik,G02
260203 A1 JB6 asyn Erik,G03
260203 A1 JB6 asyn Erik,G04
260203 A1 JB6 asyn Erik,G05
260203 A1 JB6 asyn Erik,G06
260203 A1 JB6 asyn Erik,G07
260203 A1 JB6 asyn Erik,G08
260203 A1 JB6 asyn Erik,G09
260203 A1 JB6 asyn Erik,G10
260203 A1 JB6 asyn Erik,G11
260203 A1 JB6 asyn Erik,G12
260206IAPP14oC,B02
260206IAPP14oC,B03
260206IAPP14oC,B04
260206IAPP14oC,B05
260206IAPP14oC,B06
260206IAPP14oC,B07
260206IAPP14oC,B08
260206IAPP14oC,B09
260206IAPP14oC,B10
260206IAPP14oC,B11
260206IAPP14oC,C02
260206IAPP14oC,C03
260206IAPP14oC,C04
260206IAPP14oC,C05
260206IAPP14oC,C06
260206IAPP14oC,C07
260206IAPP14oC,C08
260206IAPP14oC,C09
260206IAPP14oC,C10
260206IAPP14oC,C11
260206IAPP14oC,D02
260206IAPP14oC,D03
260206IAPP14oC,D04
260206IAPP14oC,D05
260206IAPP14oC,D06
260206IAPP14oC,D07
260206IAPP14oC,D08
260206IAPP14oC,D09
260206IAPP14oC,D10
260206IAPP14oC,D11
260206IAPP14oC,E02
260206IAPP14oC,E03
260206IAPP14oC,E04
260206IAPP14oC,E05
260206IAPP14oC,E06
260206IAPP14oC,E07
260206IAPP14oC,E08
260206IAPP14oC,E09
260206IAPP14oC,E10
260206IAPP14oC,E11
260206IAPP14oC,F02
260206IAPP14oC,F03
260206IAPP14oC,F04
260206IAPP14oC,F05
260206IAPP14oC,F06
260206IAPP14oC,F07
260206IAPP14oC,F08
260206IAPP14oC,F09
260206IAPP14oC,F10
260206IAPP14oC,F11
260206IAPP14oC,G02
260206IAPP14oC,G03
260206IAPP14oC,G04
260206IAPP14oC,G05
260206IAPP14oC,G06
260206IAPP14oC,G07
260206IAPP14oC,G08
260206IAPP14oC,G09
260206IAPP14oC,G10
260206IAPP14oC,G11
260209IAPP18oC,B02
260209IAPP18oC,B03
260209IAPP18oC,B04
260209IAPP18oC,B05
260209IAPP18oC,B06
260209IAPP18oC,B07
260209IAPP18oC,B08
260209IAPP18oC,B09
260209IAPP18oC,B10
260209IAPP18oC,B11
260209IAPP18oC,C02
260209IAPP18oC,C03
260209IAPP18oC,C04
260209IAPP18oC,C05
260209IAPP18oC,C06
260209IAPP18oC,C07
260209IAPP18oC,C08
260209IAPP18oC,C09
260209IAPP18oC,C10
260209IAPP18oC,C11
260209IAPP18oC,D02
260209IAPP18oC,D03
260209IAPP18oC,D04
260209IAPP18oC,D05
260209IAPP18oC,D06
260209IAPP18oC,D07
260209IAPP18oC,D08
260209IAPP18oC,D09
260209IAPP18oC,D10
260209IAPP18oC,D11
260209IAPP18oC,E02
260209IAPP18oC,E03
260209IAPP18oC,E04
260209IAPP18oC,E05
260209IAPP18oC,E06
260209IAPP18oC,E07
260209IAPP18oC,E08
260209IAPP18oC,E09
260209IAPP18oC,E10
260209IAPP18oC,E11
260209IAPP18oC,F02
260209IAPP18oC,F03
260209IAPP18oC,F04
260209IAPP18oC,F05
260209IAPP18oC,F06
260209IAPP18oC,F07
260209IAPP18oC,F08
260209IAPP18oC,F09
260209IAPP18oC,F10
260209IAPP18oC,F11
260209IAPP18oC,G02
260209IAPP18oC,G03
260209IAPP18oC,G04
260209IAPP18oC,G05
260209IAPP18oC,G06
260209IAPP18oC,G07
260209IAPP18oC,G08
260209IAPP18oC,G09
260209IAPP18oC,G10
260209IAPP18oC,G11
260211IAPP22oC,B02
260211IAPP22oC,B03
260211IAPP22oC,B04
260211IAPP22oC,B05
260211IAPP22oC,B06
260211IAPP22oC,B07
260211IAPP22oC,B08
260211IAPP22oC,B09
260211IAPP22oC,B10
260211IAPP22oC,B11
260211IAPP22oC,C02
260211IAPP22oC,C03
260211IAPP22oC,C04
260211IAPP22oC,C05
260211IAPP22oC,C06
260211IAPP22oC,C07
260211IAPP22oC,C08
260211IAPP22oC,C09
260211IAPP22oC,C10
260211IAPP22oC,C11
260211IAPP22oC,D02
260211IAPP22oC,D03
260211IAPP22oC,D04
260211IAPP22oC,D05
260211IAPP22oC,D06
260211IAPP22oC,D07
260211IAPP22oC,D08
260211IAPP22oC,D09
260211IAPP22oC,D10
260211IAPP22oC,D11
260211IAPP22oC,E02
260211IAPP22oC,E03
260211IAPP22oC,E04
260211IAPP22oC,E05
260211IAPP22oC,E06
260211IAPP22oC,E07
260211IAPP22oC,E08
260211IAPP22oC,E09
260211IAPP22oC,E10
260211IAPP22oC,E11
260211IAPP22oC,F02
260211IAPP22oC,F03
260211IAPP22oC,F04
260211IAPP22oC,F05
260211IAPP22oC,F06
260211IAPP22oC,F07
260211IAPP22oC,F08
260211IAPP22oC,F09
260211IAPP22oC,F10
260211IAPP22oC,F11
260211IAPP22oC,G02
260211IAPP22oC,G03
260211IAPP22oC,G04
260211IAPP22oC,G05
260211IAPP22oC,G06
260211IAPP22oC,G07
260211IAPP22oC,G08
260211IAPP22oC,G09
260211IAPP22oC,G10
260211IAPP22oC,G11
260213IAPP24oC,B02
260213IAPP24oC,B03
260213IAPP24oC,B04
260213IAPP24oC,B05
260213IAPP24oC,B06
260213IAPP24oC,B07
260213IAPP24oC,B08
260213IAPP24oC,B09
260213IAPP24oC,B10
260213IAPP24oC,B11
260213IAPP24oC,C02
260213IAPP24oC,C03
260213IAPP24oC,C04
260213IAPP24oC,C05
260213IAPP24oC,C06
260213IAPP24oC,C07
260213IAPP24oC,C08
260213IAPP24oC,C09
260213IAPP24oC,C10
260213IAPP24oC,C11
260213IAPP24oC,D02
260213IAPP24oC,D03
260213IAPP24oC,D04
260213IAPP24oC,D05
260213IAPP24oC,D06
260213IAPP24oC,D07
260213IAPP24oC,D08
260213IAPP24oC,D09
260213IAPP24oC,D10
260213IAPP24oC,D11
260213IAPP24oC,E02
260213IAPP24oC,E03
260213IAPP24oC,E04
260213IAPP24oC,E05
260213IAPP24oC,E06
260213IAPP24oC,E07
260213IAPP24oC,E08
260213IAPP24oC,E09
260213IAPP24oC,E10
260213IAPP24oC,E11
260213IAPP24oC,F02
260213IAPP24oC,F03
260213IAPP24oC,F04
260213IAPP24oC,F05
260213IAPP24oC,F06
260213IAPP24oC,F07
260213IAPP24oC,F08
260213IAPP24oC,F09
260213IAPP24oC,F10
260213IAPP24oC,F11
260213IAPP24oC,G02
260213IAPP24oC,G03
260213IAPP24oC,G04
260213IAPP24oC,G05
260213IAPP24oC,G06
260213IAPP24oC,G07
260213IAPP24oC,G08
260213IAPP24oC,G09
260213IAPP24oC,G10
260213IAPP24oC,G11
260217IAPP28oC,B02
260217IAPP28oC,B03
260217IAPP28oC,B04
260217IAPP28oC,B05
260217IAPP28oC,B06
260217IAPP28oC,B07
260217IAPP28oC,B08
260217IAPP28oC,B09
260217IAPP28oC,B10
260217IAPP28oC,B11
260217IAPP28oC,C02
260217IAPP28oC,C03
260217IAPP28oC,C04
260217IAPP28oC,C05
260217IAPP28oC,C06
260217IAPP28oC,C07
260217IAPP28oC,C08
260217IAPP28oC,C09
260217IAPP28oC,C10
260217IAPP28oC,C11
260217IAPP28oC,D02
260217IAPP28oC,D03
260217IAPP28oC,D04
260217IAPP28oC,D05
260217IAPP28oC,D06
260217IAPP28oC,D07
260217IAPP28oC,D08
260217IAPP28oC,D09
260217IAPP28oC,D10
260217IAPP28oC,D11
260217IAPP28oC,E02
260217IAPP28oC,E03
260217IAPP28oC,E04
260217IAPP28oC,E05
260217IAPP28oC,E06
260217IAPP28oC,E07
260217IAPP28oC,E08
260217IAPP28oC,E09
260217IAPP28oC,E10
260217IAPP28oC,E11
260217IAPP28oC,F02
260217IAPP28oC,F03
260217IAPP28oC,F04
260217IAPP28oC,F05
260217IAPP28oC,F06
260217IAPP28oC,F07
260217IAPP28oC,F08
260217IAPP28oC,F09
260217IAPP28oC,F10
260217IAPP28oC,F11
260217IAPP28oC,G02
260217IAPP28oC,G03
260217IAPP28oC,G04
260217IAPP28oC,G05
260217IAPP28oC,G06
260217IAPP28oC,G07
260217IAPP28oC,G08
260217IAPP28oC,G09
260217IAPP28oC,G10
260217IAPP28oC,G11
260217_aSyn_dissagg_Tau_X34,A01
260217_aSyn_dissagg_Tau_X34,A02
260217_aSyn_dissagg_Tau_X34,A03
260217_aSyn_dissagg_Tau_X34,A04
260217_aSyn_dissagg_Tau_X34,A05
260217_aSyn_dissagg_Tau_X34,A06
260217_aSyn_dissagg_Tau_X34,A07
260217_aSyn_dissagg_Tau_X34,A08
260217_aSyn_dissagg_Tau_X34,A09
260217_aSyn_dissagg_Tau_X34,A10
260217_aSyn_dissagg_Tau_X34,A11
260217_aSyn_dissagg_Tau_X34,A12
260217_aSyn_dissagg_Tau_X34,B01
260217_aSyn_dissagg_Tau_X34,B02
260217_aSyn_dissagg_Tau_X34,B03
260217_aSyn_dissagg_Tau_X34,B04
260217_aSyn_dissagg_Tau_X34,B05
260217_aSyn_dissagg_Tau_X34,B06
260217_aSyn_dissagg_Tau_X34,B07
260217_aSyn_dissagg_Tau_X34,B08
260217_aSyn_dissagg_Tau_X34,B09
260217_aSyn_dissagg_Tau_X34,B10
260217_aSyn_dissagg_Tau_X34,B11
260217_aSyn_dissagg_Tau_X34,B12
260217_aSyn_dissagg_Tau_X34,C01
260217_aSyn_dissagg_Tau_X34,C02
260217_aSyn_dissagg_Tau_X34,C03
260217_aSyn_dissagg_Tau_X34,C04
260217_aSyn_dissagg_Tau_X34,C05
260217_aSyn_dissagg_Tau_X34,C06
260217_aSyn_dissagg_Tau_X34,C07
260217_aSyn_dissagg_Tau_X34,C08
260217_aSyn_dissagg_Tau_X34,C09
260217_aSyn_dissagg_Tau_X34,C10
260217_aSyn_dissagg_Tau_X34,C11
260217_aSyn_dissagg_Tau_X34,C12
260217_aSyn_dissagg_Tau_X34,D01
260217_aSyn_dissagg_Tau_X34,D02
260217_aSyn_dissagg_Tau_X34,D03
260217_aSyn_dissagg_Tau_X34,D04
260217_aSyn_dissagg_Tau_X34,D05
260217_aSyn_dissagg_Tau_X34,D06
260217_aSyn_dissagg_Tau_X34,D07
260217_aSyn_dissagg_Tau_X34,D08
260217_aSyn_dissagg_Tau_X34,D09
260217_aSyn_dissagg_Tau_X34,D10
260217_aSyn_dissagg_Tau_X34,D11
260217_aSyn_dissagg_Tau_X34,D12
260217_aSyn_dissagg_Tau_X34,E01
260217_aSyn_dissagg_Tau_X34,E02
260217_aSyn_dissagg_Tau_X34,E03
260217_aSyn_dissagg_Tau_X34,E04
260217_aSyn_dissagg_Tau_X34,E05
260217_aSyn_dissagg_Tau_X34,E06
260217_aSyn_dissagg_Tau_X34,E07
260217_aSyn_dissagg_Tau_X34,E08
260217_aSyn_dissagg_Tau_X34,E09
260217_aSyn_dissagg_Tau_X34,E10
260217_aSyn_dissagg_Tau_X34,E11
260217_aSyn_dissagg_Tau_X34,E12
260217_aSyn_dissagg_Tau_X34,F01
260217_aSyn_dissagg_Tau_X34,F02
260217_aSyn_dissagg_Tau_X34,F03
260217_aSyn_dissagg_Tau_X34,F04
260217_aSyn_dissagg_Tau_X34,F05
260217_aSyn_dissagg_Tau_X34,F06
260217_aSyn_dissagg_Tau_X34,F07
260217_aSyn_dissagg_Tau_X34,F08
260217_aSyn_dissagg_Tau_X34,F09
260217_aSyn_dissagg_Tau_X34,F10
260217_aSyn_dissagg_Tau_X34,F11
260217_aSyn_dissagg_Tau_X34,F12
260217_aSyn_dissagg_Tau_X34,G01
260217_aSyn_dissagg_Tau_X34,G02
260217_aSyn_dissagg_Tau_X34,G03
260217_aSyn_dissagg_Tau_X34,G04
260217_aSyn_dissagg_Tau_X34,G05
260217_aSyn_dissagg_Tau_X34,G06
260217_aSyn_dissagg_Tau_X34,G07
260217_aSyn_dissagg_Tau_X34,G08
260217_aSyn_dissagg_Tau_X34,G09
260217_aSyn_dissagg_Tau_X34,G10
260217_aSyn_dissagg_Tau_X34,G11
260217_aSyn_dissagg_Tau_X34,G12
260217_aSyn_dissagg_Tau_X34,H01
260217_aSyn_dissagg_Tau_X34,H02
260217_aSyn_dissagg_Tau_X34,H03
260217_aSyn_dissagg_Tau_X34,H04
260217_aSyn_dissagg_Tau_X34,H05
260217_aSyn_dissagg_Tau_X34,H06
260217_aSyn_dissagg_Tau_X34,H07
260217_aSyn_dissagg_Tau_X34,H08
260217_aSyn_dissagg_Tau_X34,H09
260217_aSyn_dissagg_Tau_X34,H10
260217_aSyn_dissagg_Tau_X34,H11
260217_aSyn_dissagg_Tau_X34,H12
260221IAPP32oC,B02
260221IAPP32oC,B03
260221IAPP32oC,B04
260221IAPP32oC,B05
260221IAPP32oC,B06
260221IAPP32oC,B07
260221IAPP32oC,B08
260221IAPP32oC,B09
260221IAPP32oC,B10
260221IAPP32oC,B11
260221IAPP32oC,C02
260221IAPP32oC,C03
260221IAPP32oC,C04
260221IAPP32oC,C05
260221IAPP32oC,C06
260221IAPP32oC,C07
260221IAPP32oC,C08
260221IAPP32oC,C09
260221IAPP32oC,C10
260221IAPP32oC,C11
260221IAPP32oC,D02
260221IAPP32oC,D03
260221IAPP32oC,D04
260221IAPP32oC,D05
260221IAPP32oC,D06
260221IAPP32oC,D07
260221IAPP32oC,D08
260221IAPP32oC,D09
260221IAPP32oC,D10
260221IAPP32oC,D11
260221IAPP32oC,E02
260221IAPP32oC,E03
260221IAPP32oC,E04
260221IAPP32oC,E05
260221IAPP32oC,E06
260221IAPP32oC,E07
260221IAPP32oC,E08
260221IAPP32oC,E09
260221IAPP32oC,E10
260221IAPP32oC,E11
260221IAPP32oC,F02
260221IAPP32oC,F03
260221IAPP32oC,F04
260221IAPP32oC,F05
260221IAPP32oC,F06
260221IAPP32oC,F07
260221IAPP32oC,F08
260221IAPP32oC,F09
260221IAPP32oC,F10
260221IAPP32oC,F11
260221IAPP32oC,G02
260221IAPP32oC,G03
260221IAPP32oC,G04
260221IAPP32oC,G05
260221IAPP32oC,G06
260221IAPP32oC,G07
260221IAPP32oC,G08
260221IAPP32oC,G09
260221IAPP32oC,G10
260221IAPP32oC,G11
260223IAPP36oC,B02
260223IAPP36oC,B03
260223IAPP36oC,B04
260223IAPP36oC,B05
260223IAPP36oC,B06
260223IAPP36oC,B07
260223IAPP36oC,B08
260223IAPP36oC,B09
260223IAPP36oC,B10
260223IAPP36oC,B11
260223IAPP36oC,C02
260223IAPP36oC,C03
260223IAPP36oC,C04
260223IAPP36oC,C05
260223IAPP36oC,C06
260223IAPP36oC,C07
260223IAPP36oC,C08
260223IAPP36oC,C09
260223IAPP36oC,C10
260223IAPP36oC,C11
260223IAPP36oC,D02
260223IAPP36oC,D03
260223IAPP36oC,D04
260223IAPP36oC,D05
260223IAPP36oC,D06
260223IAPP36oC,D07
260223IAPP36oC,D08
260223IAPP36oC,D09
260223IAPP36oC,D10
260223IAPP36oC,D11
260223IAPP36oC,E02
260223IAPP36oC,E03
260223IAPP36oC,E04
260223IAPP36oC,E05
260223IAPP36oC,E06
260223IAPP36oC,E07
260223IAPP36oC,E08
260223IAPP36oC,E09
260223IAPP36oC,E10
260223IAPP36oC,E11
260223IAPP36oC,F02
260223IAPP36oC,F03
260223IAPP36oC,F04
260223IAPP36oC,F05
260223IAPP36oC,F06
260223IAPP36oC,F07
260223IAPP36oC,F08
260223IAPP36oC,F09
260223IAPP36oC,F10
260223IAPP36oC,F11
260223IAPP36oC,G02
260223IAPP36oC,G03
260223IAPP36oC,G04
260223IAPP36oC,G05
260223IAPP36oC,G06
260223IAPP36oC,G07
260223IAPP36oC,G08
260223IAPP36oC,G09
260223IAPP36oC,G10
260223IAPP36oC,G11
260224IAPP40oC,B02
260224IAPP40oC,B03
260224IAPP40oC,B04
260224IAPP40oC,B05
260224IAPP40oC,B06
260224IAPP40oC,B07
260224IAPP40oC,B08
260224IAPP40oC,B09
260224IAPP40oC,B10
260224IAPP40oC,B11
260224IAPP40oC,C02
260224IAPP40oC,C03
260224IAPP40oC,C04
260224IAPP40oC,C05
260224IAPP40oC,C06
260224IAPP40oC,C07
260224IAPP40oC,C08
260224IAPP40oC,C09
260224IAPP40oC,C10
260224IAPP40oC,C11
260224IAPP40oC,D02
260224IAPP40oC,D03
260224IAPP40oC,D04
260224IAPP40oC,D05
260224IAPP40oC,D06
260224IAPP40oC,D07
260224IAPP40oC,D08
260224IAPP40oC,D09
260224IAPP40oC,D10
260224IAPP40oC,D11
260224IAPP40oC,E02
260224IAPP40oC,E03
260224IAPP40oC,E04
260224IAPP40oC,E05
260224IAPP40oC,E06
260224IAPP40oC,E07
260224IAPP40oC,E08
260224IAPP40oC,E09
260224IAPP40oC,E10
260224IAPP40oC,E11
260224IAPP40oC,F02
260224IAPP40oC,F03
260224IAPP40oC,F04
260224IAPP40oC,F05
260224IAPP40oC,F06
260224IAPP40oC,F07
260224IAPP40oC,F08
260224IAPP40oC,F09
260224IAPP40oC,F10
260224IAPP40oC,F11
260224IAPP40oC,G02
260224IAPP40oC,G03
260224IAPP40oC,G04
260224IAPP40oC,G05
260224IAPP40oC,G06
260224IAPP40oC,G07
260224IAPP40oC,G08
260224IAPP40oC,G09
260224IAPP40oC,G10
260224IAPP40oC,G11
260225IAPP44oC,B02
260225IAPP44oC,B03
260225IAPP44oC,B04
260225IAPP44oC,B05
260225IAPP44oC,B06
260225IAPP44oC,B07
260225IAPP44oC,B08
260225IAPP44oC,B09
260225IAPP44oC,B10
260225IAPP44oC,B11
260225IAPP44oC,C02
260225IAPP44oC,C03
260225IAPP44oC,C04
260225IAPP44oC,C05
260225IAPP44oC,C06
260225IAPP44oC,C07
260225IAPP44oC,C08
260225IAPP44oC,C09
260225IAPP44oC,C10
260225IAPP44oC,C11
260225IAPP44oC,D02
260225IAPP44oC,D03
260225IAPP44oC,D04
260225IAPP44oC,D05
260225IAPP44oC,D06
260225IAPP44oC,D07
260225IAPP44oC,D08
260225IAPP44oC,D09
260225IAPP44oC,D10
260225IAPP44oC,D11
260225IAPP44oC,E02
260225IAPP44oC,E03
260225IAPP44oC,E04
260225IAPP44oC,E05
260225IAPP44oC,E06
260225IAPP44oC,E07
260225IAPP44oC,E08
260225IAPP44oC,E09
260225IAPP44oC,E10
260225IAPP44oC,E11
260225IAPP44oC,F02
260225IAPP44oC,F03
260225IAPP44oC,F04
260225IAPP44oC,F05
260225IAPP44oC,F06
260225IAPP44oC,F07
260225IAPP44oC,F08
260225IAPP44oC,F09
260225IAPP44oC,F10
260225IAPP44oC,F11
260225IAPP44oC,G02
260225IAPP44oC,G03
260225IAPP44oC,G04
260225IAPP44oC,G05
260225IAPP44oC,G06
260225IAPP44oC,G07
260225IAPP44oC,G08
260225IAPP44oC,G09
260225IAPP44oC,G10
260225IAPP44oC,G11
260227IAPP26oC,B02
260227IAPP26oC,B03
260227IAPP26oC,B04
260227IAPP26oC,B05
260227IAPP26oC,B06
260227IAPP26oC,B07
260227IAPP26oC,B08
260227IAPP26oC,B09
260227IAPP26oC,B10
260227IAPP26oC,B11
260227IAPP26oC,C02
260227IAPP26oC,C03
260227IAPP26oC,C04
260227IAPP26oC,C05
260227IAPP26oC,C06
260227IAPP26oC,C07
260227IAPP26oC,C08
260227IAPP26oC,C09
260227IAPP26oC,C10
260227IAPP26oC,C11
260227IAPP26oC,D02
260227IAPP26oC,D03
260227IAPP26oC,D04
260227IAPP26oC,D05
260227IAPP26oC,D06
260227IAPP26oC,D07
260227IAPP26oC,D08
260227IAPP26oC,D09
260227IAPP26oC,D10
260227IAPP26oC,D11
260227IAPP26oC,E02
260227IAPP26oC,E03
260227IAPP26oC,E04
260227IAPP26oC,E05
260227IAPP26oC,E06
260227IAPP26oC,E07
260227IAPP26oC,E08
260227IAPP26oC,E09
260227IAPP26oC,E10
260227IAPP26oC,E11
260227IAPP26oC,F02
260227IAPP26oC,F03
260227IAPP26oC,F04
260227IAPP26oC,F05
260227IAPP26oC,F06
260227IAPP26oC,F07
260227IAPP26oC,F08
260227IAPP26oC,F09
260227IAPP26oC,F10
260227IAPP26oC,F11
260227IAPP26oC,G02
260227IAPP26oC,G03
260227IAPP26oC,G04
260227IAPP26oC,G05
260227IAPP26oC,G06
260227IAPP26oC,G07
260227IAPP26oC,G08
260227IAPP26oC,G09
260227IAPP26oC,G10
260227IAPP26oC,G11
260303_A1_B2_1-119,B02
260303_A1_B2_1-119,B03
260303_A1_B2_1-119,B04
260303_A1_B2_1-119,B05
260303_A1_B2_1-119,B06
260303_A1_B2_1-119,B07
260303_A1_B2_1-119,B08
260303_A1_B2_1-119,B09
260303_A1_B2_1-119,B10
260303_A1_B2_1-119,B11
260303_A1_B2_1-119,B12
260303_A1_B2_1-119,C02
260303_A1_B2_1-119,C03
260303_A1_B2_1-119,C04
260303_A1_B2_1-119,C05
260303_A1_B2_1-119,C06
260303_A1_B2_1-119,C07
260303_A1_B2_1-119,C08
260303_A1_B2_1-119,C09
260303_A1_B2_1-119,C10
260303_A1_B2_1-119,C11
260303_A1_B2_1-119,C12
260303_A1_B2_1-119,E02
260303_A1_B2_1-119,E03
260303_A1_B2_1-119,E04
260303_A1_B2_1-119,E05
260303_A1_B2_1-119,E06
260303_A1_B2_1-119,E07
260303_A1_B2_1-119,E08
260303_A1_B2_1-119,E09
260303_A1_B2_1-119,E10
260303_A1_B2_1-119,E11
260303_A1_B2_1-119,E12
260303_A1_B2_1-119,F02
260303_A1_B2_1-119,F03
260303_A1_B2_1-119,F04
260303_A1_B2_1-119,F05
260303_A1_B2_1-119,F06
260303_A1_B2_1-119,F07
260303_A1_B2_1-119,F08
260303_A1_B2_1-119,F09
260303_A1_B2_1-119,F10
260303_A1_B2_1-119,F11
260303_A1_B2_1-119,F12
260303_A1_B2_1-119,G02
260303_A1_B2_1-119,G03
260303_A1_B2_1-119,G04
260303_A1_B2_1-119,G05
260303_A1_B2_1-119,G06
260303_A1_B2_1-119,G07
260303_A1_B2_1-119,G08
260303_A1_B2_1-119,G09
260303_A1_B2_1-119,G10
260303_A1_B2_1-119,G11
260303_A1_B2_1-119,G12
260306_C3_D4_1-119,B02
260306_C3_D4_1-119,B03
260306_C3_D4_1-119,B04
260306_C3_D4_1-119,B05
260306_C3_D4_1-119,B06
260306_C3_D4_1-119,B07
260306_C3_D4_1-119,B08
260306_C3_D4_1-119,B09
260306_C3_D4_1-119,B10
260306_C3_D4_1-119,B11
260306_C3_D4_1-119,B12
260306_C3_D4_1-119,C02
260306_C3_D4_1-119,C03
260306_C3_D4_1-119,C04
260306_C3_D4_1-119,C05
260306_C3_D4_1-119,C06
260306_C3_D4_1-119,C07
260306_C3_D4_1-119,C08
260306_C3_D4_1-119,C09
260306_C3_D4_1-119,C10
260306_C3_D4_1-119,C11
260306_C3_D4_1-119,C12
260306_C3_D4_1-119,D02
260306_C3_D4_1-119,D03
260306_C3_D4_1-119,D04
260306_C3_D4_1-119,D05
260306_C3_D4_1-119,D06
260306_C3_D4_1-119,D07
260306_C3_D4_1-119,D08
260306_C3_D4_1-119,D09
260306_C3_D4_1-119,D10
260306_C3_D4_1-119,D11
260306_C3_D4_1-119,D12
260306_C3_D4_1-119,E02
260306_C3_D4_1-119,E03
260306_C3_D4_1-119,E04
260306_C3_D4_1-119,E05
260306_C3_D4_1-119,E06
260306_C3_D4_1-119,E07
260306_C3_D4_1-119,E08
260306_C3_D4_1-119,E09
260306_C3_D4_1-119,E10
260306_C3_D4_1-119,E11
260306_C3_D4_1-119,E12
260306_C3_D4_1-119,F02
260306_C3_D4_1-119,F03
260306_C3_D4_1-119,F04
260306_C3_D4_1-119,F05
260306_C3_D4_1-119,F06
260306_C3_D4_1-119,F07
260306_C3_D4_1-119,F08
260306_C3_D4_1-119,F09
260306_C3_D4_1-119,F10
260306_C3_D4_1-119,F11
260306_C3_D4_1-119,F12
260306_C3_D4_1-119,G02
260306_C3_D4_1-119,G03
260306_C3_D4_1-119,G04
260306_C3_D4_1-119,G05
260306_C3_D4_1-119,G06
260306_C3_D4_1-119,G07
260306_C3_D4_1-119,G08
260306_C3_D4_1-119,G09
260306_C3_D4_1-119,G10
260306_C3_D4_1-119,G11
260306_C3_D4_1-119,G12
260309_E5_F6_1-119,B02
260309_E5_F6_1-119,B03
260309_E5_F6_1-119,B04
260309_E5_F6_1-119,B05
260309_E5_F6_1-119,B06
260309_E5_F6_1-119,B07
260309_E5_F6_1-119,B08
260309_E5_F6_1-119,B09
260309_E5_F6_1-119,B10
260309_E5_F6_1-119,B11
260309_E5_F6_1-119,C02
260309_E5_F6_1-119,C03
260309_E5_F6_1-119,C04
260309_E5_F6_1-119,C05
260309_E5_F6_1-119,C06
260309_E5_F6_1-119,C07
260309_E5_F6_1-119,C08
260309_E5_F6_1-119,C09
260309_E5_F6_1-119,C10
260309_E5_F6_1-119,C11
260309_E5_F6_1-119,D02
260309_E5_F6_1-119,D03
260309_E5_F6_1-119,D04
260309_E5_F6_1-119,D05
260309_E5_F6_1-119,D06
260309_E5_F6_1-119,D07
260309_E5_F6_1-119,D08
260309_E5_F6_1-119,D09
260309_E5_F6_1-119,D10
260309_E5_F6_1-119,D11
260309_E5_F6_1-119,E02
260309_E5_F6_1-119,E03
260309_E5_F6_1-119,E04
260309_E5_F6_1-119,E05
260309_E5_F6_1-119,E06
260309_E5_F6_1-119,E07
260309_E5_F6_1-119,E08
260309_E5_F6_1-119,E09
260309_E5_F6_1-119,E10
260309_E5_F6_1-119,E11
260309_E5_F6_1-119,F02
260309_E5_F6_1-119,F03
260309_E5_F6_1-119,F04
260309_E5_F6_1-119,F05
260309_E5_F6_1-119,F06
260309_E5_F6_1-119,F07
260309_E5_F6_1-119,F08
260309_E5_F6_1-119,F09
260309_E5_F6_1-119,F10
260309_E5_F6_1-119,F11
260309_E5_F6_1-119,G02
260309_E5_F6_1-119,G03
260309_E5_F6_1-119,G04
260309_E5_F6_1-119,G05
260309_E5_F6_1-119,G06
260309_E5_F6_1-119,G07
260309_E5_F6_1-119,G08
260309_E5_F6_1-119,G09
260309_E5_F6_1-119,G10
260309_E5_F6_1-119,G11
260313_G7_H8_1-119,B02
260313_G7_H8_1-119,B03
260313_G7_H8_1-119,B04
260313_G7_H8_1-119,B05
260313_G7_H8_1-119,B06
260313_G7_H8_1-119,B07
260313_G7_H8_1-119,B08
260313_G7_H8_1-119,B09
260313_G7_H8_1-119,B10
260313_G7_H8_1-119,B11
260313_G7_H8_1-119,B12
260313_G7_H8_1-119,C02
260313_G7_H8_1-119,C03
260313_G7_H8_1-119,C04
260313_G7_H8_1-119,C05
260313_G7_H8_1-119,C06
260313_G7_H8_1-119,C07
260313_G7_H8_1-119,C08
260313_G7_H8_1-119,C09
260313_G7_H8_1-119,C10
260313_G7_H8_1-119,C11
260313_G7_H8_1-119,C12
260313_G7_H8_1-119,D02
260313_G7_H8_1-119,D03
260313_G7_H8_1-119,D04
260313_G7_H8_1-119,D05
260313_G7_H8_1-119,D06
260313_G7_H8_1-119,D07
260313_G7_H8_1-119,D08
260313_G7_H8_1-119,D09
260313_G7_H8_1-119,D10
260313_G7_H8_1-119,D11
260313_G7_H8_1-119,D12
260313_G7_H8_1-119,E02
260313_G7_H8_1-119,E03
260313_G7_H8_1-119,E04
260313_G7_H8_1-119,E05
260313_G7_H8_1-119,E06
260313_G7_H8_1-119,E07
260313_G7_H8_1-119,E08
260313_G7_H8_1-119,E09
260313_G7_H8_1-119,E10
260313_G7_H8_1-119,E11
260313_G7_H8_1-119,E12
260313_G7_H8_1-119,F02
260313_G7_H8_1-119,F03
260313_G7_H8_1-119,F04
260313_G7_H8_1-119,F05
260313_G7_H8_1-119,F06
260313_G7_H8_1-119,F07
260313_G7_H8_1-119,F08
260313_G7_H8_1-119,F09
260313_G7_H8_1-119,F10
260313_G7_H8_1-119,F11
260313_G7_H8_1-119,F12
260313_G7_H8_1-119,G02
260313_G7_H8_1-119,G03
260313_G7_H8_1-119,G04
260313_G7_H8_1-119,G05
260313_G7_H8_1-119,G06
260313_G7_H8_1-119,G07
260313_G7_H8_1-119,G08
260313_G7_H8_1-119,G09
260313_G7_H8_1-119,G10
260313_G7_H8_1-119,G11
260313_G7_H8_1-119,G12
4S-Nt 240421,D07
4S-Nt 240421,D08
4S-Nt 240421,D09
4S-Nt 240421,D10
4S-Nt 240421,D11
4S-Nt 240421,E08
4S-Nt 240421,E09
4S-Nt 240421,E10
4S-Nt 240421,E11
4S-Nt 240421,F08
4S-Nt 240421,F09
4S-Nt 240421,F10
4S-Nt 240421,F11
4S-Nt 240421,G08
4S-Nt 240421,G09
4S-Nt 240421,G10
4S-Nt 240421,G11
4S-Nt 240421,H08
4S-Nt 240421,H09
4S-Nt 240421,H10
4S-Nt 240421,H11
A2,A01
A2,A02
A2,A03
A2,A04
A2,A05
A2,A06
A2,A07
A2,A08
A2,A09
A2,A10
A2,A11
A2,A12
A2,B01
A2,B02
A2,B03
A2,B04
A2,B05
A2,B06
A2,B07
A2,B08
A2,B09
A2,B10
A2,B11
A2,B12
A2,C01
A2,C02
A2,C03
A2,C04
A2,C05
A2,C06
A2,C07
A2,C08
A2,C09
A2,C10
A2,C11
A2,C12
A2,D01
A2,D02
A2,D03
A2,D04
A2,D05
A2,D06
A2,D07
A2,D08
A2,D09
A2,D10
A2,D11
A2,D12
A2,E01
A2,E02
A2,E03
A2,E04
A2,E05
A2,E06
A2,E07
A2,E08
A2,E09
A2,E10
A2,E11
A2,E12
A2,F01
A2,F02
A2,F03
A2,F04
A2,F05
A2,F06
A2,F07
A2,F08
A2,F09
A2,F10
A2,F11
A2,F12
A2,G01
A2,G02
A2,G03
A2,G04
A2,G05
A2,G06
A2,G07
A2,G08
A2,G09
A2,G10
A2,G11
A2,G12
A2,H01
A2,H02
A2,H03
A2,H04
A2,H05
A2,H06
A2,H07
A2,H08
A2,H09
A2,H10
A2,H11
A2,H12
AB37-38-40-mkseed,B02
AB37-38-40-mkseed,B04
AB37-38-40-mkseed,B06
AB37-38-40-mkseed,C02
AB37-38-40-mkseed,C04
AB37-38-40-mkseed,C06
AB37-38-seeding,C01
AB37-38-seeding,C02
AB37-38-seeding,C03
AB37-38-seeding,C04
AB37-38-seeding,C05
AB37-38-seeding,C06
AB37-38-seeding,C07
AB37-38-seeding,C08
AB37-38-seeding,C09
AB37-38-seeding,C10
AB37-38-seeding,C11
AB37-38-seeding,C12
AB37-38-seeding,D01
AB37-38-seeding,D02
AB37-38-seeding,D03
AB37-38-seeding,D04
AB37-38-seeding,D05
AB37-38-seeding,D06
AB37-38-seeding,D07
AB37-38-seeding,D08
AB37-38-seeding,D09
AB37-38-seeding,D10
AB37-38-seeding,D11
AB37-38-seeding,D12
AB37-38-seeding,E01
AB37-38-seeding,E02
AB37-38-seeding,E03
AB37-38-seeding,E04
AB37-38-seeding,E05
AB37-38-seeding,E06
AB37-38-seeding,E07
AB37-38-seeding,E08
AB37-38-seeding,E09
AB37-38-seeding,E10
AB37-38-seeding,E11
AB37-38-seeding,E12
AB37-38-seeding,F01
AB37-38-seeding,F02
AB37-38-seeding,F03
AB37-38-seeding,F04
AB37-38-seeding,F05
AB37-38-seeding,F06
AB37-38-seeding,F07
AB37-38-seeding,F08
AB37-38-seeding,F09
AB37-38-seeding,F10
AB37-38-seeding,F11
AB37-38-seeding,F12
AB37-38-seeding,G01
AB37-38-seeding,G02
AB37-38-seeding,G03
AB37-38-seeding,G04
AB37-38-seeding,G05
AB37-38-seeding,G06
AB37-38-seeding,G07
AB37-38-seeding,G08
AB37-38-seeding,G09
AB37-38-seeding,G10
AB37-38-seeding,G11
AB37-38-seeding,G12
AB37-38-seeding,H01
AB37-38-seeding,H02
AB37-38-seeding,H03
AB37-38-seeding,H04
AB37-38-seeding,H05
AB37-38-seeding,H06
AB37-38-seeding,H07
AB37-38-seeding,H08
AB37-38-seeding,H09
AB37-38-seeding,H10
AB37-38-seeding,H11
AB37-38-seeding,H12
Ab42B6seed250708200nM,B02
Ab42B6seed250708200nM,B03
Ab42B6seed250708200nM,B04
Ab42B6seed250708200nM,B05
Ab42B6seed250708200nM,B06
Ab42B6seed250708200nM,B07
Ab42B6seed250708200nM,B08
Ab42B6seed250708200nM,B09
Ab42B6seed250708200nM,B10
Ab42B6seed250708200nM,C02
Ab42B6seed250708200nM,C03
Ab42B6seed250708200nM,C04
Ab42B6seed250708200nM,C05
Ab42B6seed250708200nM,C06
Ab42B6seed250708200nM,C07
Ab42B6seed250708200nM,C08
Ab42B6seed250708200nM,C09
Ab42B6seed250708200nM,C10
Ab42B6seed250708200nM,D02
Ab42B6seed250708200nM,D03
Ab42B6seed250708200nM,D04
Ab42B6seed250708200nM,D05
Ab42B6seed250708200nM,D06
Ab42B6seed250708200nM,D07
Ab42B6seed250708200nM,D08
Ab42B6seed250708200nM,D09
Ab42B6seed250708200nM,D10
Ab42B6seed250708200nM,E02
Ab42B6seed250708200nM,E03
Ab42B6seed250708200nM,E04
Ab42B6seed250708200nM,E05
Ab42B6seed250708200nM,E06
Ab42B6seed250708200nM,E07
Ab42B6seed250708200nM,E08
Ab42B6seed250708200nM,E09
Ab42B6seed250708200nM,E10
Ab42B6seed250708200nM,F02
Ab42B6seed250708200nM,F03
Ab42B6seed250708200nM,F04
Ab42B6seed250708200nM,F05
Ab42B6seed250708200nM,F06
Ab42B6seed250708200nM,F07
Ab42B6seed250708200nM,F08
Ab42B6seed250708200nM,F09
Ab42B6seed250708200nM,F10
Ab42B6seed250708200nM,G02
Ab42B6seed250708200nM,G03
Ab42B6seed250708200nM,G04
Ab42B6seed250708200nM,G05
Ab42B6seed250708200nM,G06
Ab42B6seed250708200nM,G07
Ab42B6seed250708200nM,G08
Ab42B6seed250708200nM,G09
Ab42B6seed250708200nM,G10
Ab42_5_3_DNAJB6,A01
Ab42_5_3_DNAJB6,A02
Ab42_5_3_DNAJB6,A03
Ab42_5_3_DNAJB6,A04
Ab42_5_3_DNAJB6,A05
Ab42_5_3_DNAJB6,A06
Ab42_5_3_DNAJB6,A07
Ab42_5_3_DNAJB6,A08
Ab42_5_3_DNAJB6,A09
Ab42_5_3_DNAJB6,A10
Ab42_5_3_DNAJB6,A11
Ab42_5_3_DNAJB6,A12
Ab42_5_3_DNAJB6,B01
Ab42_5_3_DNAJB6,B02
Ab42_5_3_DNAJB6,B03
Ab42_5_3_DNAJB6,B04
Ab42_5_3_DNAJB6,B05
Ab42_5_3_DNAJB6,B06
Ab42_5_3_DNAJB6,B07
Ab42_5_3_DNAJB6,B08
Ab42_5_3_DNAJB6,B09
Ab42_5_3_DNAJB6,B10
Ab42_5_3_DNAJB6,B11
Ab42_5_3_DNAJB6,B12
Ab42_5_3_DNAJB6,C01
Ab42_5_3_DNAJB6,C02
Ab42_5_3_DNAJB6,C03
Ab42_5_3_DNAJB6,C04
Ab42_5_3_DNAJB6,C05
Ab42_5_3_DNAJB6,C06
Ab42_5_3_DNAJB6,C07
Ab42_5_3_DNAJB6,C08
Ab42_5_3_DNAJB6,C09
Ab42_5_3_DNAJB6,C10
Ab42_5_3_DNAJB6,C11
Ab42_5_3_DNAJB6,C12
Ab42_5_3_DNAJB6,D01
Ab42_5_3_DNAJB6,D02
Ab42_5_3_DNAJB6,D03
Ab42_5_3_DNAJB6,D04
Ab42_5_3_DNAJB6,D05
Ab42_5_3_DNAJB6,D06
Ab42_5_3_DNAJB6,D07
Ab42_5_3_DNAJB6,D08
Ab42_5_3_DNAJB6,D09
Ab42_5_3_DNAJB6,D10
Ab42_5_3_DNAJB6,D11
Ab42_5_3_DNAJB6,D12
Ab42_5_3_DNAJB6,E01
Ab42_5_3_DNAJB6,E02
Ab42_5_3_DNAJB6,E03
Ab42_5_3_DNAJB6,E04
Ab42_5_3_DNAJB6,E05
Ab42_5_3_DNAJB6,E06
Ab42_5_3_DNAJB6,E07
Ab42_5_3_DNAJB6,E08
Ab42_5_3_DNAJB6,E09
Ab42_5_3_DNAJB6,E10
Ab42_5_3_DNAJB6,E11
Ab42_5_3_DNAJB6,E12
Ab42_5_3_DNAJB6,F01
Ab42_5_3_DNAJB6,F02
Ab42_5_3_DNAJB6,F03
Ab42_5_3_DNAJB6,F04
Ab42_5_3_DNAJB6,F05
Ab42_5_3_DNAJB6,F06
Ab42_5_3_DNAJB6,F07
Ab42_5_3_DNAJB6,F08
Ab42_5_3_DNAJB6,F09
Ab42_5_3_DNAJB6,F10
Ab42_5_3_DNAJB6,F11
Ab42_5_3_DNAJB6,F12
Ab42_5_3_DNAJB6,G01
Ab42_5_3_DNAJB6,G02
Ab42_5_3_DNAJB6,G03
Ab42_5_3_DNAJB6,G04
Ab42_5_3_DNAJB6,G05
Ab42_5_3_DNAJB6,G06
Ab42_5_3_DNAJB6,G07
Ab42_5_3_DNAJB6,G08
Ab42_5_3_DNAJB6,G09
Ab42_5_3_DNAJB6,G10
Ab42_5_3_DNAJB6,G11
Ab42_5_3_DNAJB6,G12
Ab42wtSS4042crosseed,A01
Ab42wtSS4042crosseed,A02
Ab42wtSS4042crosseed,A03
Ab42wtSS4042crosseed,A04
Ab42wtSS4042crosseed,A05
Ab42wtSS4042crosseed,A06
Ab42wtSS4042crosseed,A07
Ab42wtSS4042crosseed,A08
Ab42wtSS4042crosseed,A09
Ab42wtSS4042crosseed,A10
Ab42wtSS4042crosseed,A11
Ab42wtSS4042crosseed,A12
Ab42wtSS4042crosseed,B01
Ab42wtSS4042crosseed,B02
Ab42wtSS4042crosseed,B03
Ab42wtSS4042crosseed,B04
Ab42wtSS4042crosseed,B05
Ab42wtSS4042crosseed,B06
Ab42wtSS4042crosseed,B07
Ab42wtSS4042crosseed,B08
Ab42wtSS4042crosseed,B09
Ab42wtSS4042crosseed,B10
Ab42wtSS4042crosseed,B11
Ab42wtSS4042crosseed,B12
Ab42wtSS4042crosseed,C01
Ab42wtSS4042crosseed,C02
Ab42wtSS4042crosseed,C03
Ab42wtSS4042crosseed,C04
Ab42wtSS4042crosseed,C05
Ab42wtSS4042crosseed,C06
Ab42wtSS4042crosseed,C07
Ab42wtSS4042crosseed,C08
Ab42wtSS4042crosseed,C09
Ab42wtSS4042crosseed,C10
Ab42wtSS4042crosseed,C11
Ab42wtSS4042crosseed,C12
Ab42wtSS4042crosseed,D01
Ab42wtSS4042crosseed,D02
Ab42wtSS4042crosseed,D03
Ab42wtSS4042crosseed,D04
Ab42wtSS4042crosseed,D05
Ab42wtSS4042crosseed,D06
Ab42wtSS4042crosseed,D07
Ab42wtSS4042crosseed,D08
Ab42wtSS4042crosseed,D09
Ab42wtSS4042crosseed,D10
Ab42wtSS4042crosseed,D11
Ab42wtSS4042crosseed,D12
Ab42wtSS4042crosseed,E01
Ab42wtSS4042crosseed,E02
Ab42wtSS4042crosseed,E03
Ab42wtSS4042crosseed,E04
Ab42wtSS4042crosseed,E05
Ab42wtSS4042crosseed,E06
Ab42wtSS4042crosseed,E07
Ab42wtSS4042crosseed,E08
Ab42wtSS4042crosseed,E09
Ab42wtSS4042crosseed,E10
Ab42wtSS4042crosseed,E11
Ab42wtSS4042crosseed,E12
Ab42wtSS4042crosseed,F01
Ab42wtSS4042crosseed,F02
Ab42wtSS4042crosseed,F03
Ab42wtSS4042crosseed,F04
Ab42wtSS4042crosseed,F05
Ab42wtSS4042crosseed,F06
Ab42wtSS4042crosseed,F07
Ab42wtSS4042crosseed,F08
Ab42wtSS4042crosseed,F09
Ab42wtSS4042crosseed,F10
Ab42wtSS4042crosseed,F11
Ab42wtSS4042crosseed,F12
Ab42wtSS4042crosseed,G01
Ab42wtSS4042crosseed,G02
Ab42wtSS4042crosseed,G03
Ab42wtSS4042crosseed,G04
Ab42wtSS4042crosseed,G05
Ab42wtSS4042crosseed,G06
Ab42wtSS4042crosseed,G07
Ab42wtSS4042crosseed,G08
Ab42wtSS4042crosseed,G09
Ab42wtSS4042crosseed,G10
Ab42wtSS4042crosseed,G11
Ab42wtSS4042crosseed,G12
Ab42wtSS4042crosseed,H01
Ab42wtSS4042crosseed,H02
Ab42wtSS4042crosseed,H03
Ab42wtSS4042crosseed,H04
Ab42wtSS4042crosseed,H05
Ab42wtSS4042crosseed,H06
Ab42wtSS4042crosseed,H07
Ab42wtSS4042crosseed,H08
Ab42wtSS4042crosseed,H09
Ab42wtSS4042crosseed,H10
Ab42wtSS4042crosseed,H11
Ab42wtSS4042crosseed,H12
DtauLtau210426at30oC,A01
DtauLtau210426at30oC,A02
DtauLtau210426at30oC,A03
DtauLtau210426at30oC,A04
DtauLtau210426at30oC,A05
DtauLtau210426at30oC,A06
DtauLtau210426at30oC,A07
DtauLtau210426at30oC,A08
DtauLtau210426at30oC,A09
DtauLtau210426at30oC,A10
DtauLtau210426at30oC,A11
DtauLtau210426at30oC,A12
DtauLtau210426at30oC,B01
DtauLtau210426at30oC,B02
DtauLtau210426at30oC,B03
DtauLtau210426at30oC,B04
DtauLtau210426at30oC,B05
DtauLtau210426at30oC,B06
DtauLtau210426at30oC,B07
DtauLtau210426at30oC,B08
DtauLtau210426at30oC,B09
DtauLtau210426at30oC,B10
DtauLtau210426at30oC,B11
DtauLtau210426at30oC,B12
DtauLtau210426at30oC,C01
DtauLtau210426at30oC,C02
DtauLtau210426at30oC,C03
DtauLtau210426at30oC,C04
DtauLtau210426at30oC,C05
DtauLtau210426at30oC,C06
DtauLtau210426at30oC,C07
DtauLtau210426at30oC,C08
DtauLtau210426at30oC,C09
DtauLtau210426at30oC,C10
DtauLtau210426at30oC,C11
DtauLtau210426at30oC,C12
DtauLtau210426at30oC,D01
DtauLtau210426at30oC,D02
DtauLtau210426at30oC,D03
DtauLtau210426at30oC,D04
DtauLtau210426at30oC,D05
DtauLtau210426at30oC,D06
DtauLtau210426at30oC,D07
DtauLtau210426at30oC,D08
DtauLtau210426at30oC,D09
DtauLtau210426at30oC,D10
DtauLtau210426at30oC,D11
DtauLtau210426at30oC,D12
DtauLtau210426at30oC,E01
DtauLtau210426at30oC,E02
DtauLtau210426at30oC,E03
DtauLtau210426at30oC,E04
DtauLtau210426at30oC,E05
DtauLtau210426at30oC,E06
DtauLtau210426at30oC,E07
DtauLtau210426at30oC,E08
DtauLtau210426at30oC,E09
DtauLtau210426at30oC,E10
DtauLtau210426at30oC,E11
DtauLtau210426at30oC,E12
DtauLtau210426at30oC,F01
DtauLtau210426at30oC,F02
DtauLtau210426at30oC,F03
DtauLtau210426at30oC,F04
DtauLtau210426at30oC,F05
DtauLtau210426at30oC,F06
DtauLtau210426at30oC,F07
DtauLtau210426at30oC,F08
DtauLtau210426at30oC,F09
DtauLtau210426at30oC,F10
DtauLtau210426at30oC,F11
DtauLtau210426at30oC,F12
DtauLtau210426at30oC,G01
DtauLtau210426at30oC,G02
DtauLtau210426at30oC,G03
DtauLtau210426at30oC,G04
DtauLtau210426at30oC,G05
DtauLtau210426at30oC,G06
DtauLtau210426at30oC,G07
DtauLtau210426at30oC,G08
DtauLtau210426at30oC,G09
DtauLtau210426at30oC,G10
DtauLtau210426at30oC,G11
DtauLtau210426at30oC,G12
DtauLtau210426at30oC,H01
DtauLtau210426at30oC,H02
DtauLtau210426at30oC,H03
DtauLtau210426at30oC,H04
DtauLtau210426at30oC,H05
DtauLtau210426at30oC,H06
DtauLtau210426at30oC,H07
DtauLtau210426at30oC,H08
DtauLtau210426at30oC,H09
DtauLtau210426at30oC,H10
DtauLtau210426at30oC,H11
DtauLtau210426at30oC,H12
Tau304-380pH74salt,A01
Tau304-380pH74salt,A02
Tau304-380pH74salt,A03
Tau304-380pH74salt,A04
Tau304-380pH74salt,A05
Tau304-380pH74salt,A06
Tau304-380pH74salt,A07
Tau304-380pH74salt,A08
Tau304-380pH74salt,A09
Tau304-380pH74salt,A10
Tau304-380pH74salt,A11
Tau304-380pH74salt,A12
Tau304-380pH74salt,B01
Tau304-380pH74salt,B02
Tau304-380pH74salt,B03
Tau304-380pH74salt,B04
Tau304-380pH74salt,B05
Tau304-380pH74salt,B06
Tau304-380pH74salt,B07
Tau304-380pH74salt,B08
Tau304-380pH74salt,B09
Tau304-380pH74salt,B10
Tau304-380pH74salt,B11
Tau304-380pH74salt,B12
Tau304-380pH74salt,C01
Tau304-380pH74salt,C02
Tau304-380pH74salt,C03
Tau304-380pH74salt,C04
Tau304-380pH74salt,C05
Tau304-380pH74salt,C06
Tau304-380pH74salt,C07
Tau304-380pH74salt,C08
Tau304-380pH74salt,C09
Tau304-380pH74salt,C10
Tau304-380pH74salt,C11
Tau304-380pH74salt,C12
Tau304-380pH74salt,D01
Tau304-380pH74salt,D02
Tau304-380pH74salt,D03
Tau304-380pH74salt,D04
Tau304-380pH74salt,D05
Tau304-380pH74salt,D06
Tau304-380pH74salt,D07
Tau304-380pH74salt,D08
Tau304-380pH74salt,D09
Tau304-380pH74salt,D10
Tau304-380pH74salt,D11
Tau304-380pH74salt,D12
Tau304-380pH74salt,E01
Tau304-380pH74salt,E02
Tau304-380pH74salt,E03
Tau304-380pH74salt,E04
Tau304-380pH74salt,E05
Tau304-380pH74salt,E06
Tau304-380pH74salt,E07
Tau304-380pH74salt,E08
Tau304-380pH74salt,E09
Tau304-380pH74salt,E10
Tau304-380pH74salt,E11
Tau304-380pH74salt,E12
Tau304-380pH74salt,F01
Tau304-380pH74salt,F02
Tau304-380pH74salt,F03
Tau304-380pH74salt,F04
Tau304-380pH74salt,F05
Tau304-380pH74salt,F06
Tau304-380pH74salt,F07
Tau304-380pH74salt,F08
Tau304-380pH74salt,F09
Tau304-380pH74salt,F10
Tau304-380pH74salt,F11
Tau304-380pH74salt,F12
Tau304-380pH74salt,G01
Tau304-380pH74salt,G02
Tau304-380pH74salt,G03
Tau304-380pH74salt,G04
Tau304-380pH74salt,G05
Tau304-380pH74salt,G06
Tau304-380pH74salt,G07
Tau304-380pH74salt,G08
Tau304-380pH74salt,G09
Tau304-380pH74salt,G10
Tau304-380pH74salt,G11
Tau304-380pH74salt,G12
Tau304-380pH74salt,H01
Tau304-380pH74salt,H02
Tau304-380pH74salt,H03
Tau304-380pH74salt,H04
Tau304-380pH74salt,H05
Tau304-380pH74salt,H06
Tau304-380pH74salt,H07
Tau304-380pH74salt,H08
Tau304-380pH74salt,H09
Tau304-380pH74salt,H10
Tau304-380pH74salt,H11
Tau304-380pH74salt,H12
ab1-42medSolaSalt2,A01
ab1-42medSolaSalt2,A02
ab1-42medSolaSalt2,A03
ab1-42medSolaSalt2,A04
ab1-42medSolaSalt2,A05
ab1-42medSolaSalt2,A06
ab1-42medSolaSalt2,A07
ab1-42medSolaSalt2,A08
ab1-42medSolaSalt2,A09
ab1-42medSolaSalt2,A10
ab1-42medSolaSalt2,A11
ab1-42medSolaSalt2,A12
ab1-42medSolaSalt2,B01
ab1-42medSolaSalt2,B02
ab1-42medSolaSalt2,B03
ab1-42medSolaSalt2,B04
ab1-42medSolaSalt2,B05
ab1-42medSolaSalt2,B06
ab1-42medSolaSalt2,B07
ab1-42medSolaSalt2,B08
ab1-42medSolaSalt2,B09
ab1-42medSolaSalt2,B10
ab1-42medSolaSalt2,B11
ab1-42medSolaSalt2,B12
ab1-42medSolaSalt2,C01
ab1-42medSolaSalt2,C02
ab1-42medSolaSalt2,C03
ab1-42medSolaSalt2,C04
ab1-42medSolaSalt2,C05
ab1-42medSolaSalt2,C06
ab1-42medSolaSalt2,C07
ab1-42medSolaSalt2,C08
ab1-42medSolaSalt2,C09
ab1-42medSolaSalt2,C10
ab1-42medSolaSalt2,C11
ab1-42medSolaSalt2,C12
ab1-42medSolaSalt2,D01
ab1-42medSolaSalt2,D02
ab1-42medSolaSalt2,D03
ab1-42medSolaSalt2,D04
ab1-42medSolaSalt2,D05
ab1-42medSolaSalt2,D06
ab1-42medSolaSalt2,D07
ab1-42medSolaSalt2,D08
ab1-42medSolaSalt2,D09
ab1-42medSolaSalt2,D10
ab1-42medSolaSalt2,D11
ab1-42medSolaSalt2,D12
ab1-42medSolaSalt2,E01
ab1-42medSolaSalt2,E02
ab1-42medSolaSalt2,E03
ab1-42medSolaSalt2,E04
ab1-42medSolaSalt2,E05
ab1-42medSolaSalt2,E06
ab1-42medSolaSalt2,E07
ab1-42medSolaSalt2,E08
ab1-42medSolaSalt2,E09
ab1-42medSolaSalt2,E10
ab1-42medSolaSalt2,E11
ab1-42medSolaSalt2,E12
ab1-42medSolaSalt2,F01
ab1-42medSolaSalt2,F02
ab1-42medSolaSalt2,F03
ab1-42medSolaSalt2,F04
ab1-42medSolaSalt2,F05
ab1-42medSolaSalt2,F06
ab1-42medSolaSalt2,F07
ab1-42medSolaSalt2,F08
ab1-42medSolaSalt2,F09
ab1-42medSolaSalt2,F10
ab1-42medSolaSalt2,F11
ab1-42medSolaSalt2,F12
ab1-42medSolaSalt2,G01
ab1-42medSolaSalt2,G02
ab1-42medSolaSalt2,G03
ab1-42medSolaSalt2,G04
ab1-42medSolaSalt2,G05
ab1-42medSolaSalt2,G06
ab1-42medSolaSalt2,G07
ab1-42medSolaSalt2,G08
ab1-42medSolaSalt2,G09
ab1-42medSolaSalt2,G10
ab1-42medSolaSalt2,G11
ab1-42medSolaSalt2,G12
ab1-42medSolaSalt2,H01
ab1-42medSolaSalt2,H02
ab1-42medSolaSalt2,H03
ab1-42medSolaSalt2,H04
ab1-42medSolaSalt2,H05
ab1-42medSolaSalt2,H06
ab1-42medSolaSalt2,H07
ab1-42medSolaSalt2,H08
ab1-42medSolaSalt2,H09
ab1-42medSolaSalt2,H10
ab1-42medSolaSalt2,H11
ab1-42medSolaSalt2,H12
ab1-42medSolaSalt,A01
ab1-42medSolaSalt,A02
ab1-42medSolaSalt,A03
ab1-42medSolaSalt,A04
ab1-42medSolaSalt,A05
ab1-42medSolaSalt,A06
ab1-42medSolaSalt,A07
ab1-42medSolaSalt,A08
ab1-42medSolaSalt,A09
ab1-42medSolaSalt,A10
ab1-42medSolaSalt,A11
ab1-42medSolaSalt,A12
ab1-42medSolaSalt,B01
ab1-42medSolaSalt,B02
ab1-42medSolaSalt,B03
ab1-42medSolaSalt,B04
ab1-42medSolaSalt,B05
ab1-42medSolaSalt,B06
ab1-42medSolaSalt,B07
ab1-42medSolaSalt,B08
ab1-42medSolaSalt,B09
ab1-42medSolaSalt,B10
ab1-42medSolaSalt,B11
ab1-42medSolaSalt,B12
ab1-42medSolaSalt,C01
ab1-42medSolaSalt,C02
ab1-42medSolaSalt,C03
ab1-42medSolaSalt,C04
ab1-42medSolaSalt,C05
ab1-42medSolaSalt,C06
ab1-42medSolaSalt,C07
ab1-42medSolaSalt,C08
ab1-42medSolaSalt,C09
ab1-42medSolaSalt,C10
ab1-42medSolaSalt,C11
ab1-42medSolaSalt,C12
ab1-42medSolaSalt,D01
ab1-42medSolaSalt,D02
ab1-42medSolaSalt,D03
ab1-42medSolaSalt,D04
ab1-42medSolaSalt,D05
ab1-42medSolaSalt,D06
ab1-42medSolaSalt,D07
ab1-42medSolaSalt,D08
ab1-42medSolaSalt,D09
ab1-42medSolaSalt,D10
ab1-42medSolaSalt,D11
ab1-42medSolaSalt,D12
ab1-42medSolaSalt,E01
ab1-42medSolaSalt,E02
ab1-42medSolaSalt,E03
ab1-42medSolaSalt,E04
ab1-42medSolaSalt,E05
ab1-42medSolaSalt,E06
ab1-42medSolaSalt,E07
ab1-42medSolaSalt,E08
ab1-42medSolaSalt,E09
ab1-42medSolaSalt,E10
ab1-42medSolaSalt,E11
ab1-42medSolaSalt,E12
ab1-42medSolaSalt,F01
ab1-42medSolaSalt,F02
ab1-42medSolaSalt,F03
ab1-42medSolaSalt,F04
ab1-42medSolaSalt,F05
ab1-42medSolaSalt,F06
ab1-42medSolaSalt,F07
ab1-42medSolaSalt,F08
ab1-42medSolaSalt,F09
ab1-42medSolaSalt,F10
ab1-42medSolaSalt,F11
ab1-42medSolaSalt,F12
ab1-42medSolaSalt,G01
ab1-42medSolaSalt,G02
ab1-42medSolaSalt,G03
ab1-42medSolaSalt,G04
ab1-42medSolaSalt,G05
ab1-42medSolaSalt,G06
ab1-42medSolaSalt,G07
ab1-42medSolaSalt,G08
ab1-42medSolaSalt,G09
ab1-42medSolaSalt,G10
ab1-42medSolaSalt,G11
ab1-42medSolaSalt,G12
ab1-42medSolaSalt,H01
ab1-42medSolaSalt,H02
ab1-42medSolaSalt,H03
ab1-42medSolaSalt,H04
ab1-42medSolaSalt,H05
ab1-42medSolaSalt,H06
ab1-42medSolaSalt,H07
ab1-42medSolaSalt,H08
ab1-42medSolaSalt,H09
ab1-42medSolaSalt,H10
ab1-42medSolaSalt,H11
ab1-42medSolaSalt,H12
ab42B6210525,B01
ab42B6210525,B02
ab42B6210525,B03
ab42B6210525,B04
ab42B6210525,B05
ab42B6210525,B06
ab42B6210525,B07
ab42B6210525,B08
ab42B6210525,B09
ab42B6210525,B10
ab42B6210525,B11
ab42B6210525,B12
ab42B6210525,C01
ab42B6210525,C02
ab42B6210525,C03
ab42B6210525,C04
ab42B6210525,C05
ab42B6210525,C06
ab42B6210525,C07
ab42B6210525,C08
ab42B6210525,C09
ab42B6210525,C10
ab42B6210525,C11
ab42B6210525,C12
ab42B6210525,D01
ab42B6210525,D02
ab42B6210525,D03
ab42B6210525,D04
ab42B6210525,D05
ab42B6210525,D06
ab42B6210525,D07
ab42B6210525,D08
ab42B6210525,D09
ab42B6210525,D10
ab42B6210525,D11
ab42B6210525,D12
ab42B6210525,E01
ab42B6210525,E02
ab42B6210525,E03
ab42B6210525,E04
ab42B6210525,E05
ab42B6210525,E06
ab42B6210525,E07
ab42B6210525,E08
ab42B6210525,E09
ab42B6210525,E10
ab42B6210525,E11
ab42B6210525,E12
ab42B6210525,F01
ab42B6210525,F02
ab42B6210525,F03
ab42B6210525,F04
ab42B6210525,F05
ab42B6210525,F06
ab42B6210525,F07
ab42B6210525,F08
ab42B6210525,F09
ab42B6210525,F10
ab42B6210525,F11
ab42B6210525,F12
ab42B6210525,G01
ab42B6210525,G02
ab42B6210525,G03
ab42B6210525,G04
ab42B6210525,G05
ab42B6210525,G06
ab42B6210525,G07
ab42B6210525,G08
ab42B6210525,G09
ab42B6210525,G10
ab42B6210525,G11
ab42B6210525,G12
ab42B6210526left,B01
ab42B6210526left,B02
ab42B6210526left,B03
ab42B6210526left,B04
ab42B6210526left,B05
ab42B6210526left,B06
ab42B6210526left,B07
ab42B6210526left,B08
ab42B6210526left,B09
ab42B6210526left,B10
ab42B6210526left,B11
ab42B6210526left,B12
ab42B6210526left,C01
ab42B6210526left,C02
ab42B6210526left,C03
ab42B6210526left,C04
ab42B6210526left,C05
ab42B6210526left,C06
ab42B6210526left,C07
ab42B6210526left,C08
ab42B6210526left,C09
ab42B6210526left,C10
ab42B6210526left,C11
ab42B6210526left,C12
ab42B6210526left,D01
ab42B6210526left,D02
ab42B6210526left,D03
ab42B6210526left,D04
ab42B6210526left,D05
ab42B6210526left,D06
ab42B6210526left,D07
ab42B6210526left,D08
ab42B6210526left,D09
ab42B6210526left,D10
ab42B6210526left,D11
ab42B6210526left,D12
ab42B6210526left,E01
ab42B6210526left,E02
ab42B6210526left,E03
ab42B6210526left,E04
ab42B6210526left,E05
ab42B6210526left,E06
ab42B6210526left,E07
ab42B6210526left,E08
ab42B6210526left,E09
ab42B6210526left,E10
ab42B6210526left,E11
ab42B6210526left,E12
ab42B6210526left,F01
ab42B6210526left,F02
ab42B6210526left,F03
ab42B6210526left,F04
ab42B6210526left,F05
ab42B6210526left,F06
ab42B6210526left,F07
ab42B6210526left,F08
ab42B6210526left,F09
ab42B6210526left,F10
ab42B6210526left,F11
ab42B6210526left,F12
ab42B6210526left,G01
ab42B6210526left,G02
ab42B6210526left,G03
ab42B6210526left,G04
ab42B6210526left,G05
ab42B6210526left,G06
ab42B6210526left,G07
ab42B6210526left,G08
ab42B6210526left,G09
ab42B6210526left,G10
ab42B6210526left,G11
ab42B6210526left,G12
ab42B6210526left,H01
ab42B6210526left,H02
ab42B6210526left,H03
ab42B6210526left,H04
ab42B6210526left,H05
ab42B6210526left,H06
ab42B6210526left,H07
ab42B6210526left,H08
ab42B6210526left,H09
ab42B6210526left,H10
ab42B6210526left,H11
ab42B6210526left,H12
amylinDoL210603,B01
amylinDoL210603,B02
amylinDoL210603,B03
amylinDoL210603,B04
amylinDoL210603,B05
amylinDoL210603,B06
amylinDoL210603,B07
amylinDoL210603,B08
amylinDoL210603,B09
amylinDoL210603,B10
amylinDoL210603,B11
amylinDoL210603,B12
amylinDoL210603,C01
amylinDoL210603,C02
amylinDoL210603,C03
amylinDoL210603,C04
amylinDoL210603,C05
amylinDoL210603,C06
amylinDoL210603,C07
amylinDoL210603,C08
amylinDoL210603,D01
amylinDoL210603,D02
amylinDoL210603,D03
amylinDoL210603,D04
amylinDoL210603,D05
amylinDoL210603,D06
amylinDoL210603,D07
amylinDoL210603,D08
amylinDoL210603,D09
amylinDoL210603,D10
amylinDoL210603,D11
amylinDoL210603,D12
amylinDoL210603,E01
amylinDoL210603,E02
amylinDoL210603,E03
amylinDoL210603,E04
amylinDoL210603,E05
amylinDoL210603,E06
amylinDoL210603,E07
amylinDoL210603,E08
amylinDoL210603,F01
amylinDoL210603,F02
amylinDoL210603,F03
amylinDoL210603,F04
amylinDoL210603,F05
amylinDoL210603,F06
amylinDoL210603,F07
amylinDoL210603,F08
amylinDoL210603,F09
amylinDoL210603,F10
amylinDoL210603,F11
amylinDoL210603,F12
amylinDoL210603,G01
amylinDoL210603,G02
amylinDoL210603,G03
amylinDoL210603,G04
amylinDoL210603,G05
amylinDoL210603,G06
amylinDoL210603,G07
amylinDoL210603,G08
amylinLseed210611,A01
amylinLseed210611,A02
amylinLseed210611,A03
amylinLseed210611,A04
amylinLseed210611,A05
amylinLseed210611,A06
amylinLseed210611,A07
amylinLseed210611,A08
amylinLseed210611,A09
amylinLseed210611,A10
amylinLseed210611,A11
amylinLseed210611,A12
amylinLseed210611,B01
amylinLseed210611,B02
amylinLseed210611,B03
amylinLseed210611,B04
amylinLseed210611,B05
amylinLseed210611,B06
amylinLseed210611,B07
amylinLseed210611,B08
amylinLseed210611,B09
amylinLseed210611,B10
amylinLseed210611,B11
amylinLseed210611,B12
amylinLseed210611,C01
amylinLseed210611,C02
amylinLseed210611,C03
amylinLseed210611,C04
amylinLseed210611,C05
amylinLseed210611,C06
amylinLseed210611,C07
amylinLseed210611,C08
amylinLseed210611,C09
amylinLseed210611,C10
amylinLseed210611,C11
amylinLseed210611,C12
amylinLseed210611,D01
amylinLseed210611,D02
amylinLseed210611,D03
amylinLseed210611,D04
amylinLseed210611,D05
amylinLseed210611,D06
amylinLseed210611,D07
amylinLseed210611,D08
amylinLseed210611,D09
amylinLseed210611,D10
amylinLseed210611,D11
amylinLseed210611,D12
amylinLseed210611,E01
amylinLseed210611,E02
amylinLseed210611,E03
amylinLseed210611,E04
amylinLseed210611,E05
amylinLseed210611,E06
amylinLseed210611,E07
amylinLseed210611,E08
amylinLseed210611,E09
amylinLseed210611,E10
amylinLseed210611,E11
amylinLseed210611,E12
amylinLseed210611,F01
amylinLseed210611,F02
amylinLseed210611,F03
amylinLseed210611,F04
amylinLseed210611,F05
amylinLseed210611,F06
amylinLseed210611,F07
amylinLseed210611,F08
amylinLseed210611,F09
amylinLseed210611,F10
amylinLseed210611,F11
amylinLseed210611,F12
amylinLseed210611,G01
amylinLseed210611,G02
amylinLseed210611,G03
amylinLseed210611,G04
amylinLseed210611,G05
amylinLseed210611,G06
amylinLseed210611,G07
amylinLseed210611,G08
amylinLseed210611,G09
amylinLseed210611,G10
amylinLseed210611,G11
amylinLseed210611,G12
amylinLseed210611,H01
amylinLseed210611,H02
amylinLseed210611,H03
amylinLseed210611,H04
amylinLseed210611,H05
amylinLseed210611,H06
amylinLseed210611,H07
amylinLseed210611,H08
amylinLseed210611,H09
amylinLseed210611,H10
amylinLseed210611,H11
amylinLseed210611,H12
tau304-380C322S_220802_PSplate,B02
tau304-380C322S_220802_PSplate,B03
tau304-380C322S_220802_PSplate,B04
tau304-380C322S_220802_PSplate,B05
tau304-380C322S_220802_PSplate,B06
tau304-380C322S_220802_PSplate,B07
tau304-380C322S_220802_PSplate,B08
tau304-380C322S_220802_PSplate,B09
tau304-380C322S_220802_PSplate,B10
tau304-380C322S_220802_PSplate,C02
tau304-380C322S_220802_PSplate,C03
tau304-380C322S_220802_PSplate,C04
tau304-380C322S_220802_PSplate,C05
tau304-380C322S_220802_PSplate,C06
tau304-380C322S_220802_PSplate,C07
tau304-380C322S_220802_PSplate,C08
tau304-380C322S_220802_PSplate,C09
tau304-380C322S_220802_PSplate,C10
tau304-380C322S_220802_PSplate,D02
tau304-380C322S_220802_PSplate,D03
tau304-380C322S_220802_PSplate,D04
tau304-380C322S_220802_PSplate,D05
tau304-380C322S_220802_PSplate,D06
tau304-380C322S_220802_PSplate,D07
tau304-380C322S_220802_PSplate,D08
tau304-380C322S_220802_PSplate,D09
tau304-380C322S_220802_PSplate,D10
tau304-380C322S_220802_PSplate,E02
tau304-380C322S_220802_PSplate,E03
tau304-380C322S_220802_PSplate,E04
tau304-380C322S_220802_PSplate,E05
tau304-380C322S_220802_PSplate,E06
tau304-380C322S_220802_PSplate,E07
tau304-380C322S_220802_PSplate,E08
tau304-380C322S_220802_PSplate,E09
tau304-380C322S_220802_PSplate,E10
