prefix,well_id,cluster
20250915_Ab42_CTDlinkCTDandNTD,A01,11
20250915_Ab42_CTDlinkCTDandNTD,A02,3
20250915_Ab42_CTDlinkCTDandNTD,A03,3
20250915_Ab42_CTDlinkCTDandNTD,A04,9
20250915_Ab42_CTDlinkCTDandNTD,A05,8
20250915_Ab42_CTDlinkCTDandNTD,A06,9
20250915_Ab42_CTDlinkCTDandNTD,A07,9
20250915_Ab42_CTDlinkCTDandNTD,A08,8
20250915_Ab42_CTDlinkCTDandNTD,A09,9
20250915_Ab42_CTDlinkCTDandNTD,A10,8
20250915_Ab42_CTDlinkCTDandNTD,A11,4
20250915_Ab42_CTDlinkCTDandNTD,A12,8
20250915_Ab42_CTDlinkCTDandNTD,B01,8
20250915_Ab42_CTDlinkCTDandNTD,B02,4
20250915_Ab42_CTDlinkCTDandNTD,B03,8
20250915_Ab42_CTDlinkCTDandNTD,B04,2
20250915_Ab42_CTDlinkCTDandNTD,B05,2
20250915_Ab42_CTDlinkCTDandNTD,B06,4
20250915_Ab42_CTDlinkCTDandNTD,B07,8
20250915_Ab42_CTDlinkCTDandNTD,B08,4
20250915_Ab42_CTDlinkCTDandNTD,B09,2
20250915_Ab42_CTDlinkCTDandNTD,B10,2
20250915_Ab42_CTDlinkCTDandNTD,B11,2
20250915_Ab42_CTDlinkCTDandNTD,B12,2
20250915_Ab42_CTDlinkCTDandNTD,C01,2
20250915_Ab42_CTDlinkCTDandNTD,C02,4
20250915_Ab42_CTDlinkCTDandNTD,C03,2
20250915_Ab42_CTDlinkCTDandNTD,C04,3
20250915_Ab42_CTDlinkCTDandNTD,C05,3
20250915_Ab42_CTDlinkCTDandNTD,C06,3
20250915_Ab42_CTDlinkCTDandNTD,C07,3
20250915_Ab42_CTDlinkCTDandNTD,C08,3
20250915_Ab42_CTDlinkCTDandNTD,C09,3
20250915_Ab42_CTDlinkCTDandNTD,C10,3
20250915_Ab42_CTDlinkCTDandNTD,C11,3
20250915_Ab42_CTDlinkCTDandNTD,C12,3
20250915_Ab42_CTDlinkCTDandNTD,D01,3
20250915_Ab42_CTDlinkCTDandNTD,D02,3
20250915_Ab42_CTDlinkCTDandNTD,D03,3
20250915_Ab42_CTDlinkCTDandNTD,D04,6
20250915_Ab42_CTDlinkCTDandNTD,D05,9
20250915_Ab42_CTDlinkCTDandNTD,D06,6
20250915_Ab42_CTDlinkCTDandNTD,D07,6
20250915_Ab42_CTDlinkCTDandNTD,D08,8
20250915_Ab42_CTDlinkCTDandNTD,D09,1
20250915_Ab42_CTDlinkCTDandNTD,D10,7
20250915_Ab42_CTDlinkCTDandNTD,D11,10
20250915_Ab42_CTDlinkCTDandNTD,D12,1
20250915_Ab42_CTDlinkCTDandNTD,E01,1
20250915_Ab42_CTDlinkCTDandNTD,E02,8
20250915_Ab42_CTDlinkCTDandNTD,E03,8
20250915_Ab42_CTDlinkCTDandNTD,E04,8
20250915_Ab42_CTDlinkCTDandNTD,E05,8
20250915_Ab42_CTDlinkCTDandNTD,E06,8
20250915_Ab42_CTDlinkCTDandNTD,E07,4
20250915_Ab42_CTDlinkCTDandNTD,E08,9
20250915_Ab42_CTDlinkCTDandNTD,E09,8
20250915_Ab42_CTDlinkCTDandNTD,E10,8
20250915_Ab42_CTDlinkCTDandNTD,E11,4
20250915_Ab42_CTDlinkCTDandNTD,E12,1
20250915_Ab42_CTDlinkCTDandNTD,F01,2
20250915_Ab42_CTDlinkCTDandNTD,F02,9
20250915_Ab42_CTDlinkCTDandNTD,F03,4
20250915_Ab42_CTDlinkCTDandNTD,F04,4
20250915_Ab42_CTDlinkCTDandNTD,F05,5
20250915_Ab42_CTDlinkCTDandNTD,F06,9
20250915_Ab42_CTDlinkCTDandNTD,F07,3
20250915_Ab42_CTDlinkCTDandNTD,F08,3
20250915_Ab42_CTDlinkCTDandNTD,F09,3
20250915_Ab42_CTDlinkCTDandNTD,F10,3
20250915_Ab42_CTDlinkCTDandNTD,F11,3
20250915_Ab42_CTDlinkCTDandNTD,F12,3
20250915_Ab42_CTDlinkCTDandNTD,G01,3
20250915_Ab42_CTDlinkCTDandNTD,G02,3
20250915_Ab42_CTDlinkCTDandNTD,G03,3
20250915_Ab42_CTDlinkCTDandNTD,G04,3
20250915_Ab42_CTDlinkCTDandNTD,G05,3
20250915_Ab42_CTDlinkCTDandNTD,G06,11
20250915_Ab42_CTDlinkCTDandNTD,G07,5
20250915_Ab42_CTDlinkCTDandNTD,G08,5
20250915_Ab42_CTDlinkCTDandNTD,G09,5
20250915_Ab42_CTDlinkCTDandNTD,G10,0
20250915_Ab42_CTDlinkCTDandNTD,G11,5
20250915_Ab42_CTDlinkCTDandNTD,G12,5
20250915_Ab42_CTDlinkCTDandNTD,H01,5
20250915_Ab42_CTDlinkCTDandNTD,H02,5
20250915_Ab42_CTDlinkCTDandNTD,H03,0
20250915_Ab42_CTDlinkCTDandNTD,H04,5
20250915_Ab42_CTDlinkCTDandNTD,H05,5
20250915_Ab42_CTDlinkCTDandNTD,H06,0
20250915_Ab42_CTDlinkCTDandNTD,H07,5
20250915_Ab42_CTDlinkCTDandNTD,H08,5
20250915_Ab42_CTDlinkCTDandNTD,H09,5
20250915_Ab42_CTDlinkCTDandNTD,H10,5
20250915_Ab42_CTDlinkCTDandNTD,H11,5
20250915_Ab42_CTDlinkCTDandNTD,H12,5
2025102o_ASyn_seednoseed,A01,8
2025102o_ASyn_seednoseed,A02,0
2025102o_ASyn_seednoseed,A03,2
2025102o_ASyn_seednoseed,A04,2
2025102o_ASyn_seednoseed,A05,8
2025102o_ASyn_seednoseed,A06,0
2025102o_ASyn_seednoseed,A07,6
2025102o_ASyn_seednoseed,A08,6
2025102o_ASyn_seednoseed,A09,6
2025102o_ASyn_seednoseed,A10,6
2025102o_ASyn_seednoseed,A11,6
2025102o_ASyn_seednoseed,A12,8
2025102o_ASyn_seednoseed,B01,2
2025102o_ASyn_seednoseed,B02,7
2025102o_ASyn_seednoseed,B03,0
2025102o_ASyn_seednoseed,B04,0
2025102o_ASyn_seednoseed,B05,0
2025102o_ASyn_seednoseed,B06,4
2025102o_ASyn_seednoseed,B07,9
2025102o_ASyn_seednoseed,B08,8
2025102o_ASyn_seednoseed,B09,8
2025102o_ASyn_seednoseed,B10,9
2025102o_ASyn_seednoseed,B11,9
2025102o_ASyn_seednoseed,B12,2
2025102o_ASyn_seednoseed,C01,2
2025102o_ASyn_seednoseed,C02,0
2025102o_ASyn_seednoseed,C03,0
2025102o_ASyn_seednoseed,C04,0
2025102o_ASyn_seednoseed,C05,0
2025102o_ASyn_seednoseed,C06,0
2025102o_ASyn_seednoseed,C07,2
2025102o_ASyn_seednoseed,C08,2
2025102o_ASyn_seednoseed,C09,8
2025102o_ASyn_seednoseed,C10,8
2025102o_ASyn_seednoseed,C11,8
2025102o_ASyn_seednoseed,C12,2
2025102o_ASyn_seednoseed,D01,0
2025102o_ASyn_seednoseed,D02,0
2025102o_ASyn_seednoseed,D03,0
2025102o_ASyn_seednoseed,D04,0
2025102o_ASyn_seednoseed,D05,2
2025102o_ASyn_seednoseed,D06,0
2025102o_ASyn_seednoseed,D07,2
2025102o_ASyn_seednoseed,D08,2
2025102o_ASyn_seednoseed,D09,2
2025102o_ASyn_seednoseed,D10,4
2025102o_ASyn_seednoseed,D11,2
2025102o_ASyn_seednoseed,D12,2
2025102o_ASyn_seednoseed,E01,0
2025102o_ASyn_seednoseed,E02,0
2025102o_ASyn_seednoseed,E03,0
2025102o_ASyn_seednoseed,E04,0
2025102o_ASyn_seednoseed,E05,0
2025102o_ASyn_seednoseed,E06,0
2025102o_ASyn_seednoseed,E07,0
2025102o_ASyn_seednoseed,E08,0
2025102o_ASyn_seednoseed,E09,0
2025102o_ASyn_seednoseed,E10,0
2025102o_ASyn_seednoseed,E11,4
2025102o_ASyn_seednoseed,E12,2
2025102o_ASyn_seednoseed,F01,2
2025102o_ASyn_seednoseed,F02,0
2025102o_ASyn_seednoseed,F03,0
2025102o_ASyn_seednoseed,F04,0
2025102o_ASyn_seednoseed,F05,0
2025102o_ASyn_seednoseed,F06,0
2025102o_ASyn_seednoseed,F07,0
2025102o_ASyn_seednoseed,F08,0
2025102o_ASyn_seednoseed,F09,0
2025102o_ASyn_seednoseed,F10,0
2025102o_ASyn_seednoseed,F11,0
2025102o_ASyn_seednoseed,F12,2
2025102o_ASyn_seednoseed,G01,2
2025102o_ASyn_seednoseed,G02,0
2025102o_ASyn_seednoseed,G03,0
2025102o_ASyn_seednoseed,G04,0
2025102o_ASyn_seednoseed,G05,0
2025102o_ASyn_seednoseed,G06,0
2025102o_ASyn_seednoseed,G07,0
2025102o_ASyn_seednoseed,G08,0
2025102o_ASyn_seednoseed,G09,0
2025102o_ASyn_seednoseed,G10,5
2025102o_ASyn_seednoseed,G11,0
2025102o_ASyn_seednoseed,G12,2
2025102o_ASyn_seednoseed,H01,8
2025102o_ASyn_seednoseed,H02,0
2025102o_ASyn_seednoseed,H03,0
2025102o_ASyn_seednoseed,H04,0
2025102o_ASyn_seednoseed,H05,0
2025102o_ASyn_seednoseed,H06,0
2025102o_ASyn_seednoseed,H07,0
2025102o_ASyn_seednoseed,H08,0
2025102o_ASyn_seednoseed,H09,0
2025102o_ASyn_seednoseed,H10,0
2025102o_ASyn_seednoseed,H11,0
2025102o_ASyn_seednoseed,H12,4
20260102_tauAD,C01,10
20260102_tauAD,C02,4
20260102_tauAD,C03,0
20260102_tauAD,C04,0
20260102_tauAD,C05,0
20260102_tauAD,C06,10
20260102_tauAD,C07,10
20260102_tauAD,C08,2
20260102_tauAD,D01,10
20260102_tauAD,D02,0
20260102_tauAD,D03,0
20260102_tauAD,D04,0
20260102_tauAD,D05,0
20260102_tauAD,D06,10
20260102_tauAD,D07,10
20260102_tauAD,D08,0
20260106_tauAD_various_Ab42,A01,5
20260106_tauAD_various_Ab42,A02,5
20260106_tauAD_various_Ab42,A03,0
20260106_tauAD_various_Ab42,A04,5
20260106_tauAD_various_Ab42,A05,5
20260106_tauAD_various_Ab42,A06,5
20260106_tauAD_various_Ab42,A07,5
20260106_tauAD_various_Ab42,A08,5
20260106_tauAD_various_Ab42,A09,3
20260106_tauAD_various_Ab42,A10,5
20260106_tauAD_various_Ab42,A11,5
20260106_tauAD_various_Ab42,A12,5
20260106_tauAD_various_Ab42,B01,11
20260106_tauAD_various_Ab42,B02,10
20260106_tauAD_various_Ab42,B03,4
20260106_tauAD_various_Ab42,B04,8
20260106_tauAD_various_Ab42,B05,5
20260106_tauAD_various_Ab42,B06,5
20260106_tauAD_various_Ab42,B07,5
20260106_tauAD_various_Ab42,B08,5
20260106_tauAD_various_Ab42,B09,5
20260106_tauAD_various_Ab42,B10,5
20260106_tauAD_various_Ab42,B11,5
20260106_tauAD_various_Ab42,B12,5
20260106_tauAD_various_Ab42,C01,8
20260106_tauAD_various_Ab42,C02,9
20260106_tauAD_various_Ab42,C03,8
20260106_tauAD_various_Ab42,C04,1
20260106_tauAD_various_Ab42,C05,5
20260106_tauAD_various_Ab42,C06,5
20260106_tauAD_various_Ab42,C07,5
20260106_tauAD_various_Ab42,C08,5
20260106_tauAD_various_Ab42,C09,5
20260106_tauAD_various_Ab42,C10,5
20260106_tauAD_various_Ab42,C11,5
20260106_tauAD_various_Ab42,C12,5
20260106_tauAD_various_Ab42,D01,9
20260106_tauAD_various_Ab42,D02,4
20260106_tauAD_various_Ab42,D03,3
20260106_tauAD_various_Ab42,D04,6
20260106_tauAD_various_Ab42,D05,5
20260106_tauAD_various_Ab42,D06,5
20260106_tauAD_various_Ab42,D07,5
20260106_tauAD_various_Ab42,D08,5
20260106_tauAD_various_Ab42,D09,10
20260106_tauAD_various_Ab42,D10,5
20260106_tauAD_various_Ab42,D11,5
20260106_tauAD_various_Ab42,D12,5
20260106_tauAD_various_Ab42,E01,4
20260106_tauAD_various_Ab42,E02,8
20260106_tauAD_various_Ab42,E03,8
20260106_tauAD_various_Ab42,E04,9
20260106_tauAD_various_Ab42,E05,10
20260106_tauAD_various_Ab42,E06,5
20260106_tauAD_various_Ab42,E07,5
20260106_tauAD_various_Ab42,E08,5
20260106_tauAD_various_Ab42,E09,5
20260106_tauAD_various_Ab42,E10,5
20260106_tauAD_various_Ab42,E11,5
20260106_tauAD_various_Ab42,E12,5
20260106_tauAD_various_Ab42,F01,4
20260106_tauAD_various_Ab42,F02,9
20260106_tauAD_various_Ab42,F03,1
20260106_tauAD_various_Ab42,F04,4
20260106_tauAD_various_Ab42,F05,5
20260106_tauAD_various_Ab42,F06,5
20260106_tauAD_various_Ab42,F07,5
20260106_tauAD_various_Ab42,F08,5
20260106_tauAD_various_Ab42,F09,5
20260106_tauAD_various_Ab42,F10,5
20260106_tauAD_various_Ab42,F11,5
20260106_tauAD_various_Ab42,F12,5
20260106_tauAD_various_Ab42,G01,8
20260106_tauAD_various_Ab42,G02,4
20260106_tauAD_various_Ab42,G03,2
20260106_tauAD_various_Ab42,G04,8
20260106_tauAD_various_Ab42,G05,5
20260106_tauAD_various_Ab42,G06,5
20260106_tauAD_various_Ab42,G07,5
20260106_tauAD_various_Ab42,G08,5
20260106_tauAD_various_Ab42,G09,5
20260106_tauAD_various_Ab42,G10,5
20260106_tauAD_various_Ab42,G11,5
20260106_tauAD_various_Ab42,G12,5
20260106_tauAD_various_Ab42,H01,8
20260106_tauAD_various_Ab42,H02,8
20260106_tauAD_various_Ab42,H03,8
20260106_tauAD_various_Ab42,H04,6
20260106_tauAD_various_Ab42,H05,4
20260106_tauAD_various_Ab42,H06,4
20260106_tauAD_various_Ab42,H07,2
20260106_tauAD_various_Ab42,H08,2
20260106_tauAD_various_Ab42,H09,2
20260106_tauAD_various_Ab42,H10,5
20260106_tauAD_various_Ab42,H11,5
20260106_tauAD_various_Ab42,H12,5
210210_AB42_HDL_cholestero,A01,11
210210_AB42_HDL_cholestero,A02,11
210210_AB42_HDL_cholestero,A03,11
210210_AB42_HDL_cholestero,A04,11
210210_AB42_HDL_cholestero,A05,11
210210_AB42_HDL_cholestero,A06,11
210210_AB42_HDL_cholestero,A07,11
210210_AB42_HDL_cholestero,A08,11
210210_AB42_HDL_cholestero,A09,11
210210_AB42_HDL_cholestero,A10,11
210210_AB42_HDL_cholestero,A11,11
210210_AB42_HDL_cholestero,A12,11
210210_AB42_HDL_cholestero,B01,3
210210_AB42_HDL_cholestero,B02,3
210210_AB42_HDL_cholestero,B03,3
210210_AB42_HDL_cholestero,B04,11
210210_AB42_HDL_cholestero,B05,11
210210_AB42_HDL_cholestero,B06,11
210210_AB42_HDL_cholestero,B07,3
210210_AB42_HDL_cholestero,B08,11
210210_AB42_HDL_cholestero,B09,3
210210_AB42_HDL_cholestero,B10,3
210210_AB42_HDL_cholestero,B11,3
210210_AB42_HDL_cholestero,B12,3
210210_AB42_HDL_cholestero,C01,3
210210_AB42_HDL_cholestero,C02,3
210210_AB42_HDL_cholestero,C03,3
210210_AB42_HDL_cholestero,C04,3
210210_AB42_HDL_cholestero,C05,3
210210_AB42_HDL_cholestero,C06,3
210210_AB42_HDL_cholestero,C07,3
210210_AB42_HDL_cholestero,C08,11
210210_AB42_HDL_cholestero,C09,11
210210_AB42_HDL_cholestero,C10,11
210210_AB42_HDL_cholestero,C11,11
210210_AB42_HDL_cholestero,C12,11
210210_AB42_HDL_cholestero,D01,3
210210_AB42_HDL_cholestero,D02,3
210210_AB42_HDL_cholestero,D03,3
210210_AB42_HDL_cholestero,D04,3
210210_AB42_HDL_cholestero,D05,3
210210_AB42_HDL_cholestero,D06,3
210210_AB42_HDL_cholestero,D07,3
210210_AB42_HDL_cholestero,D08,3
210210_AB42_HDL_cholestero,D09,3
210210_AB42_HDL_cholestero,D10,11
210210_AB42_HDL_cholestero,D11,11
210210_AB42_HDL_cholestero,D12,11
210210_AB42_HDL_cholestero,E01,11
210210_AB42_HDL_cholestero,E02,3
210210_AB42_HDL_cholestero,E03,3
210210_AB42_HDL_cholestero,E04,3
210210_AB42_HDL_cholestero,E05,3
210210_AB42_HDL_cholestero,E06,3
210210_AB42_HDL_cholestero,E07,3
210210_AB42_HDL_cholestero,E08,3
210210_AB42_HDL_cholestero,E09,3
210210_AB42_HDL_cholestero,E10,3
210210_AB42_HDL_cholestero,E11,3
210210_AB42_HDL_cholestero,E12,3
210210_AB42_HDL_cholestero,F01,3
210210_AB42_HDL_cholestero,F02,3
210210_AB42_HDL_cholestero,F03,3
211110 jing 1min full new start,A01,0
211110 jing 1min full new start,A02,10
211110 jing 1min full new start,A03,0
211110 jing 1min full new start,A04,0
211110 jing 1min full new start,A05,10
211110 jing 1min full new start,A06,10
211110 jing 1min full new start,A07,0
211110 jing 1min full new start,A08,5
211110 jing 1min full new start,A09,5
211110 jing 1min full new start,A10,0
211110 jing 1min full new start,A11,0
211110 jing 1min full new start,A12,0
211110 jing 1min full new start,B01,0
211110 jing 1min full new start,B02,0
211110 jing 1min full new start,B03,0
211110 jing 1min full new start,B04,0
211110 jing 1min full new start,B05,0
211110 jing 1min full new start,B06,6
211110 jing 1min full new start,B07,6
211110 jing 1min full new start,B08,6
211110 jing 1min full new start,B09,0
211110 jing 1min full new start,B10,0
211110 jing 1min full new start,B11,0
211110 jing 1min full new start,B12,0
211110 jing 1min full new start,C01,0
211110 jing 1min full new start,C02,10
211110 jing 1min full new start,C03,0
211110 jing 1min full new start,C04,10
211110 jing 1min full new start,C05,0
211110 jing 1min full new start,C06,1
211110 jing 1min full new start,C07,6
211110 jing 1min full new start,C08,6
211110 jing 1min full new start,C09,0
211110 jing 1min full new start,C10,0
211110 jing 1min full new start,C11,0
211110 jing 1min full new start,C12,0
211110 jing 1min full new start,D01,10
211110 jing 1min full new start,D02,0
211110 jing 1min full new start,D03,0
211110 jing 1min full new start,D04,10
211110 jing 1min full new start,D05,0
211110 jing 1min full new start,D06,6
211110 jing 1min full new start,D07,6
211110 jing 1min full new start,D08,3
211110 jing 1min full new start,D09,0
211110 jing 1min full new start,D10,10
211110 jing 1min full new start,D11,0
211110 jing 1min full new start,D12,0
211110 jing 1min full new start,E01,0
211110 jing 1min full new start,E02,0
211110 jing 1min full new start,E03,0
211110 jing 1min full new start,E04,0
211110 jing 1min full new start,E05,0
211110 jing 1min full new start,E06,6
211110 jing 1min full new start,E07,6
211110 jing 1min full new start,E08,11
211110 jing 1min full new start,E09,1
211110 jing 1min full new start,E10,0
211110 jing 1min full new start,E11,0
211110 jing 1min full new start,E12,0
211110 jing 1min full new start,F01,0
211110 jing 1min full new start,F02,0
211110 jing 1min full new start,F03,10
211110 jing 1min full new start,F04,0
211110 jing 1min full new start,F05,10
211110 jing 1min full new start,F06,6
211110 jing 1min full new start,F07,6
211110 jing 1min full new start,F08,11
211110 jing 1min full new start,F09,0
211110 jing 1min full new start,F10,0
211110 jing 1min full new start,F11,0
211110 jing 1min full new start,F12,0
211110 jing 1min full new start,G01,5
211110 jing 1min full new start,G02,10
211110 jing 1min full new start,G03,0
211110 jing 1min full new start,G04,10
211110 jing 1min full new start,G05,0
211110 jing 1min full new start,G06,6
211110 jing 1min full new start,G07,6
211110 jing 1min full new start,G08,11
211110 jing 1min full new start,G09,10
211110 jing 1min full new start,G10,10
211110 jing 1min full new start,G11,5
211110 jing 1min full new start,G12,0
211110 jing 1min full new start,H01,10
211110 jing 1min full new start,H02,10
211110 jing 1min full new start,H03,10
211110 jing 1min full new start,H04,10
211110 jing 1min full new start,H05,10
211110 jing 1min full new start,H06,10
211110 jing 1min full new start,H07,10
211110 jing 1min full new start,H08,10
211110 jing 1min full new start,H09,10
211110 jing 1min full new start,H10,10
211110 jing 1min full new start,H11,5
211110 jing 1min full new start,H12,0
211110 jing 1min fulladd dye,A01,5
211110 jing 1min fulladd dye,A02,5
211110 jing 1min fulladd dye,A03,5
211110 jing 1min fulladd dye,A04,5
211110 jing 1min fulladd dye,A05,5
211110 jing 1min fulladd dye,A06,5
211110 jing 1min fulladd dye,A07,5
211110 jing 1min fulladd dye,A08,5
211110 jing 1min fulladd dye,A09,5
211110 jing 1min fulladd dye,A10,5
211110 jing 1min fulladd dye,A11,5
211110 jing 1min fulladd dye,A12,5
211110 jing 1min fulladd dye,B01,5
211110 jing 1min fulladd dye,B02,5
211110 jing 1min fulladd dye,B03,5
211110 jing 1min fulladd dye,B04,5
211110 jing 1min fulladd dye,B05,5
211110 jing 1min fulladd dye,B06,10
211110 jing 1min fulladd dye,B07,10
211110 jing 1min fulladd dye,B08,10
211110 jing 1min fulladd dye,B09,3
211110 jing 1min fulladd dye,B10,5
211110 jing 1min fulladd dye,B11,5
211110 jing 1min fulladd dye,B12,5
211110 jing 1min fulladd dye,C01,5
211110 jing 1min fulladd dye,C02,10
211110 jing 1min fulladd dye,C03,5
211110 jing 1min fulladd dye,C04,5
211110 jing 1min fulladd dye,C05,5
211110 jing 1min fulladd dye,C06,10
211110 jing 1min fulladd dye,C07,0
211110 jing 1min fulladd dye,C08,0
211110 jing 1min fulladd dye,C09,3
211110 jing 1min fulladd dye,C10,5
211110 jing 1min fulladd dye,C11,5
211110 jing 1min fulladd dye,C12,5
211110 jing 1min fulladd dye,D01,5
211110 jing 1min fulladd dye,D02,5
211110 jing 1min fulladd dye,D03,5
211110 jing 1min fulladd dye,D04,10
211110 jing 1min fulladd dye,D05,5
211110 jing 1min fulladd dye,D06,5
211110 jing 1min fulladd dye,D07,10
211110 jing 1min fulladd dye,D08,10
211110 jing 1min fulladd dye,D09,3
211110 jing 1min fulladd dye,D10,5
211110 jing 1min fulladd dye,D11,5
211110 jing 1min fulladd dye,D12,5
211110 jing 1min fulladd dye,E01,5
211110 jing 1min fulladd dye,E02,5
211110 jing 1min fulladd dye,E03,5
211110 jing 1min fulladd dye,E04,5
211110 jing 1min fulladd dye,E05,5
211110 jing 1min fulladd dye,E06,10
211110 jing 1min fulladd dye,E07,10
211110 jing 1min fulladd dye,E08,10
211110 jing 1min fulladd dye,E09,5
211110 jing 1min fulladd dye,E10,5
211110 jing 1min fulladd dye,E11,5
211110 jing 1min fulladd dye,E12,5
211110 jing 1min fulladd dye,F01,5
211110 jing 1min fulladd dye,F02,5
211110 jing 1min fulladd dye,F03,5
211110 jing 1min fulladd dye,F04,5
211110 jing 1min fulladd dye,F05,5
211110 jing 1min fulladd dye,F06,5
211110 jing 1min fulladd dye,F07,3
211110 jing 1min fulladd dye,F08,10
211110 jing 1min fulladd dye,F09,5
211110 jing 1min fulladd dye,F10,5
211110 jing 1min fulladd dye,F11,5
211110 jing 1min fulladd dye,F12,5
211110 jing 1min fulladd dye,G01,5
211110 jing 1min fulladd dye,G02,5
211110 jing 1min fulladd dye,G03,5
211110 jing 1min fulladd dye,G04,5
211110 jing 1min fulladd dye,G05,5
211110 jing 1min fulladd dye,G06,10
211110 jing 1min fulladd dye,G07,3
211110 jing 1min fulladd dye,G08,0
211110 jing 1min fulladd dye,G09,5
211110 jing 1min fulladd dye,G10,5
211110 jing 1min fulladd dye,G11,5
211110 jing 1min fulladd dye,G12,5
211110 jing 1min fulladd dye,H01,5
211110 jing 1min fulladd dye,H02,5
211110 jing 1min fulladd dye,H03,5
211110 jing 1min fulladd dye,H04,10
211110 jing 1min fulladd dye,H05,5
211110 jing 1min fulladd dye,H06,5
211110 jing 1min fulladd dye,H07,5
211110 jing 1min fulladd dye,H08,5
211110 jing 1min fulladd dye,H09,5
211110 jing 1min fulladd dye,H10,5
211110 jing 1min fulladd dye,H11,5
211110 jing 1min fulladd dye,H12,5
220715 AB42 slow fluostar4,A01,11
220715 AB42 slow fluostar4,A02,11
220715 AB42 slow fluostar4,A03,11
220715 AB42 slow fluostar4,A04,11
220715 AB42 slow fluostar4,A05,11
220715 AB42 slow fluostar4,A06,11
220715 AB42 slow fluostar4,A07,11
220715 AB42 slow fluostar4,A08,11
220715 AB42 slow fluostar4,A09,5
220715 AB42 slow fluostar4,A10,5
220715 AB42 slow fluostar4,A11,5
220715 AB42 slow fluostar4,A12,5
220715 AB42 slow fluostar4,B01,11
220715 AB42 slow fluostar4,B02,11
220715 AB42 slow fluostar4,B03,11
220715 AB42 slow fluostar4,B04,11
220715 AB42 slow fluostar4,B05,11
220715 AB42 slow fluostar4,B06,11
220715 AB42 slow fluostar4,B07,11
220715 AB42 slow fluostar4,B08,11
220715 AB42 slow fluostar4,B09,5
220715 AB42 slow fluostar4,B10,5
220715 AB42 slow fluostar4,B11,5
220715 AB42 slow fluostar4,B12,5
220715 AB42 slow fluostar4,C01,11
220715 AB42 slow fluostar4,C02,11
220715 AB42 slow fluostar4,C03,11
220715 AB42 slow fluostar4,C04,11
220715 AB42 slow fluostar4,C05,11
220715 AB42 slow fluostar4,C06,11
220715 AB42 slow fluostar4,C07,11
220715 AB42 slow fluostar4,C08,11
220715 AB42 slow fluostar4,C09,5
220715 AB42 slow fluostar4,C10,5
220715 AB42 slow fluostar4,C11,5
220715 AB42 slow fluostar4,C12,5
220715 AB42 slow fluostar4,D01,11
220715 AB42 slow fluostar4,D02,11
220715 AB42 slow fluostar4,D03,11
220715 AB42 slow fluostar4,D04,11
220715 AB42 slow fluostar4,D05,11
220715 AB42 slow fluostar4,D06,11
220715 AB42 slow fluostar4,D07,11
220715 AB42 slow fluostar4,D08,11
220715 AB42 slow fluostar4,D09,5
220715 AB42 slow fluostar4,D10,5
220715 AB42 slow fluostar4,D11,5
220715 AB42 slow fluostar4,D12,5
220715 AB42 slow fluostar4,E01,11
220715 AB42 slow fluostar4,E02,11
220715 AB42 slow fluostar4,E03,11
220715 AB42 slow fluostar4,E04,11
220715 AB42 slow fluostar4,E05,11
220715 AB42 slow fluostar4,E06,11
220715 AB42 slow fluostar4,E07,11
220715 AB42 slow fluostar4,E08,11
220715 AB42 slow fluostar4,E09,3
220715 AB42 slow fluostar4,E10,5
220715 AB42 slow fluostar4,E11,5
220715 AB42 slow fluostar4,E12,5
220715 AB42 slow fluostar4,F01,11
220715 AB42 slow fluostar4,F02,11
220715 AB42 slow fluostar4,F03,11
220715 AB42 slow fluostar4,F04,11
220715 AB42 slow fluostar4,F05,11
220715 AB42 slow fluostar4,F06,11
220715 AB42 slow fluostar4,F07,11
220715 AB42 slow fluostar4,F08,11
220715 AB42 slow fluostar4,F09,5
220715 AB42 slow fluostar4,F10,5
220715 AB42 slow fluostar4,F11,5
220715 AB42 slow fluostar4,F12,5
220715 AB42 slow fluostar4,G01,3
220715 AB42 slow fluostar4,G02,3
220715 AB42 slow fluostar4,G03,3
220715 AB42 slow fluostar4,G04,3
220715 AB42 slow fluostar4,G05,5
220715 AB42 slow fluostar4,G06,5
220715 AB42 slow fluostar4,G07,5
220715 AB42 slow fluostar4,G08,5
220715 AB42 slow fluostar4,G09,5
220715 AB42 slow fluostar4,G10,5
220715 AB42 slow fluostar4,G11,5
220715 AB42 slow fluostar4,G12,5
220715 AB42 slow fluostar4,H01,5
220715 AB42 slow fluostar4,H02,5
220715 AB42 slow fluostar4,H03,5
220715 AB42 slow fluostar4,H04,5
220715 AB42 slow fluostar4,H05,5
220715 AB42 slow fluostar4,H06,5
220715 AB42 slow fluostar4,H07,5
220715 AB42 slow fluostar4,H08,5
220715 AB42 slow fluostar4,H09,5
220715 AB42 slow fluostar4,H10,5
220715 AB42 slow fluostar4,H11,5
220715 AB42 slow fluostar4,H12,5
220727ab42gm1,A01,0
220727ab42gm1,A02,0
220727ab42gm1,A03,0
220727ab42gm1,A04,0
220727ab42gm1,A05,0
220727ab42gm1,A06,3
220727ab42gm1,A07,3
220727ab42gm1,A08,3
220727ab42gm1,A09,3
220727ab42gm1,A10,3
220727ab42gm1,A11,3
220727ab42gm1,A12,5
220727ab42gm1,B01,5
220727ab42gm1,B02,0
220727ab42gm1,B03,0
220727ab42gm1,B04,10
220727ab42gm1,B05,0
220727ab42gm1,B06,3
220727ab42gm1,B07,11
220727ab42gm1,B08,11
220727ab42gm1,B09,3
220727ab42gm1,B10,3
220727ab42gm1,B11,3
220727ab42gm1,B12,0
220727ab42gm1,C01,0
220727ab42gm1,C02,0
220727ab42gm1,C03,0
220727ab42gm1,C04,10
220727ab42gm1,C05,0
220727ab42gm1,C06,5
220727ab42gm1,C07,0
220727ab42gm1,C08,0
220727ab42gm1,C09,3
220727ab42gm1,C10,3
220727ab42gm1,C11,3
220727ab42gm1,C12,5
220727ab42gm1,D01,5
220727ab42gm1,D02,0
220727ab42gm1,D03,0
220727ab42gm1,D04,0
220727ab42gm1,D05,5
220727ab42gm1,D06,10
220727ab42gm1,D07,10
220727ab42gm1,D08,5
220727ab42gm1,D09,3
220727ab42gm1,D10,3
220727ab42gm1,D11,3
220727ab42gm1,D12,5
220727ab42gm1,E01,0
220727ab42gm1,E02,0
220727ab42gm1,E03,5
220727ab42gm1,E04,5
220727ab42gm1,E05,0
220727ab42gm1,E06,10
220727ab42gm1,E07,10
220727ab42gm1,E08,0
220727ab42gm1,E09,11
220727ab42gm1,E10,3
220727ab42gm1,E11,3
220727ab42gm1,E12,0
220727ab42gm1,F01,5
220727ab42gm1,F02,5
220727ab42gm1,F03,0
220727ab42gm1,F04,0
220727ab42gm1,F05,0
220727ab42gm1,F06,5
220727ab42gm1,F07,5
220727ab42gm1,F08,0
220727ab42gm1,F09,3
220727ab42gm1,F10,11
220727ab42gm1,F11,11
220727ab42gm1,F12,5
220727ab42gm1,G01,0
220727ab42gm1,G02,0
220727ab42gm1,G03,5
220727ab42gm1,G04,0
220727ab42gm1,G05,0
220727ab42gm1,G06,5
220727ab42gm1,G07,5
220727ab42gm1,G08,5
220727ab42gm1,G09,3
220727ab42gm1,G10,11
220727ab42gm1,G11,11
220727ab42gm1,G12,0
220727ab42gm1,H01,5
220727ab42gm1,H02,0
220727ab42gm1,H03,0
220727ab42gm1,H04,5
220727ab42gm1,H05,0
220727ab42gm1,H06,4
220727ab42gm1,H07,5
220727ab42gm1,H08,0
220727ab42gm1,H09,0
220727ab42gm1,H10,0
220727ab42gm1,H11,0
220727ab42gm1,H12,0
221129 0 0 221104,A01,5
221129 0 0 221104,A02,0
221129 0 0 221104,A03,4
221129 0 0 221104,A04,2
221129 0 0 221104,A05,1
221129 0 0 221104,A06,9
221129 0 0 221104,A07,9
221129 0 0 221104,A08,9
221129 0 0 221104,A09,8
221129 0 0 221104,A10,0
221129 0 0 221104,A11,0
221129 0 0 221104,A12,0
221129 0 0 221104,B01,0
221129 0 0 221104,B02,0
221129 0 0 221104,B03,6
221129 0 0 221104,B04,11
221129 0 0 221104,B05,9
221129 0 0 221104,B06,9
221129 0 0 221104,B07,9
221129 0 0 221104,B08,9
221129 0 0 221104,B09,4
221129 0 0 221104,B10,0
221129 0 0 221104,B11,10
221129 0 0 221104,B12,0
221129 0 0 221104,C01,0
221129 0 0 221104,C02,0
221129 0 0 221104,C03,6
221129 0 0 221104,C04,11
221129 0 0 221104,C05,9
221129 0 0 221104,C06,9
221129 0 0 221104,C07,9
221129 0 0 221104,C08,9
221129 0 0 221104,C09,4
221129 0 0 221104,C10,10
221129 0 0 221104,C11,5
221129 0 0 221104,C12,0
221129 0 0 221104,D01,0
221129 0 0 221104,D02,0
221129 0 0 221104,D03,6
221129 0 0 221104,D04,11
221129 0 0 221104,D05,6
221129 0 0 221104,D06,9
221129 0 0 221104,D07,9
221129 0 0 221104,D08,9
221129 0 0 221104,D09,4
221129 0 0 221104,D10,10
221129 0 0 221104,D11,10
221129 0 0 221104,D12,0
221129 0 0 221104,E01,0
221129 0 0 221104,E02,10
221129 0 0 221104,E03,6
221129 0 0 221104,E04,6
221129 0 0 221104,E05,6
221129 0 0 221104,E06,9
221129 0 0 221104,E07,9
221129 0 0 221104,E08,8
221129 0 0 221104,E09,4
221129 0 0 221104,E10,10
221129 0 0 221104,E11,10
221129 0 0 221104,E12,10
221129 0 0 221104,F01,0
221129 0 0 221104,F02,5
221129 0 0 221104,F03,6
221129 0 0 221104,F04,6
221129 0 0 221104,F05,6
221129 0 0 221104,F06,9
221129 0 0 221104,F07,9
221129 0 0 221104,F08,8
221129 0 0 221104,F09,8
221129 0 0 221104,F10,10
221129 0 0 221104,F11,10
221129 0 0 221104,F12,0
221129 0 0 221104,G01,5
221129 0 0 221104,G02,3
221129 0 0 221104,G03,6
221129 0 0 221104,G04,6
221129 0 0 221104,G05,9
221129 0 0 221104,G06,9
221129 0 0 221104,G07,8
221129 0 0 221104,G08,8
221129 0 0 221104,G09,2
221129 0 0 221104,G10,10
221129 0 0 221104,G11,5
221129 0 0 221104,G12,0
221129 0 0 221104,H01,0
221129 0 0 221104,H02,0
221129 0 0 221104,H03,6
221129 0 0 221104,H04,6
221129 0 0 221104,H05,9
221129 0 0 221104,H06,9
221129 0 0 221104,H07,8
221129 0 0 221104,H08,8
221129 0 0 221104,H09,0
221129 0 0 221104,H10,0
221129 0 0 221104,H11,0
221129 0 0 221104,H12,0
260126 D4 E5 asyn Erik,B02,4
260126 D4 E5 asyn Erik,B03,8
260126 D4 E5 asyn Erik,B04,9
260126 D4 E5 asyn Erik,B05,8
260126 D4 E5 asyn Erik,B06,9
260126 D4 E5 asyn Erik,B07,8
260126 D4 E5 asyn Erik,B08,9
260126 D4 E5 asyn Erik,B09,9
260126 D4 E5 asyn Erik,B10,8
260126 D4 E5 asyn Erik,B11,9
260126 D4 E5 asyn Erik,B12,8
260126 D4 E5 asyn Erik,C02,4
260126 D4 E5 asyn Erik,C03,4
260126 D4 E5 asyn Erik,C04,9
260126 D4 E5 asyn Erik,C05,8
260126 D4 E5 asyn Erik,C06,9
260126 D4 E5 asyn Erik,C07,8
260126 D4 E5 asyn Erik,C08,8
260126 D4 E5 asyn Erik,C09,9
260126 D4 E5 asyn Erik,C10,9
260126 D4 E5 asyn Erik,C11,8
260126 D4 E5 asyn Erik,C12,9
260126 D4 E5 asyn Erik,D02,4
260126 D4 E5 asyn Erik,D03,8
260126 D4 E5 asyn Erik,D04,9
260126 D4 E5 asyn Erik,D05,9
260126 D4 E5 asyn Erik,D06,9
260126 D4 E5 asyn Erik,D07,9
260126 D4 E5 asyn Erik,D08,9
260126 D4 E5 asyn Erik,D09,9
260126 D4 E5 asyn Erik,D10,9
260126 D4 E5 asyn Erik,D11,9
260126 D4 E5 asyn Erik,D12,8
260126 D4 E5 asyn Erik,E02,9
260126 D4 E5 asyn Erik,E03,9
260126 D4 E5 asyn Erik,E04,9
260126 D4 E5 asyn Erik,E05,9
260126 D4 E5 asyn Erik,E06,9
260126 D4 E5 asyn Erik,E07,6
260126 D4 E5 asyn Erik,E08,9
260126 D4 E5 asyn Erik,E09,9
260126 D4 E5 asyn Erik,E10,9
260126 D4 E5 asyn Erik,E11,9
260126 D4 E5 asyn Erik,E12,9
260126 D4 E5 asyn Erik,F02,9
260126 D4 E5 asyn Erik,F03,9
260126 D4 E5 asyn Erik,F04,9
260126 D4 E5 asyn Erik,F05,9
260126 D4 E5 asyn Erik,F06,9
260126 D4 E5 asyn Erik,F07,9
260126 D4 E5 asyn Erik,F08,9
260126 D4 E5 asyn Erik,F09,9
260126 D4 E5 asyn Erik,F10,9
260126 D4 E5 asyn Erik,F11,9
260126 D4 E5 asyn Erik,F12,8
260126 D4 E5 asyn Erik,G02,9
260126 D4 E5 asyn Erik,G03,8
260126 D4 E5 asyn Erik,G04,9
260126 D4 E5 asyn Erik,G05,9
260126 D4 E5 asyn Erik,G06,9
260126 D4 E5 asyn Erik,G07,6
260126 D4 E5 asyn Erik,G08,9
260126 D4 E5 asyn Erik,G09,9
260126 D4 E5 asyn Erik,G10,9
260126 D4 E5 asyn Erik,G11,9
260126 D4 E5 asyn Erik,G12,8
260130 F6 H8 asyn Erik,B02,0
260130 F6 H8 asyn Erik,B03,8
260130 F6 H8 asyn Erik,B04,9
260130 F6 H8 asyn Erik,B05,9
260130 F6 H8 asyn Erik,B06,9
260130 F6 H8 asyn Erik,B07,9
260130 F6 H8 asyn Erik,B08,9
260130 F6 H8 asyn Erik,B09,8
260130 F6 H8 asyn Erik,B10,9
260130 F6 H8 asyn Erik,B11,8
260130 F6 H8 asyn Erik,B12,8
260130 F6 H8 asyn Erik,C02,4
260130 F6 H8 asyn Erik,C03,8
260130 F6 H8 asyn Erik,C04,9
260130 F6 H8 asyn Erik,C05,9
260130 F6 H8 asyn Erik,C06,9
260130 F6 H8 asyn Erik,C07,9
260130 F6 H8 asyn Erik,C08,9
260130 F6 H8 asyn Erik,C09,9
260130 F6 H8 asyn Erik,C10,8
260130 F6 H8 asyn Erik,C11,8
260130 F6 H8 asyn Erik,C12,8
260130 F6 H8 asyn Erik,D02,0
260130 F6 H8 asyn Erik,D03,8
260130 F6 H8 asyn Erik,D04,9
260130 F6 H8 asyn Erik,D05,9
260130 F6 H8 asyn Erik,D06,9
260130 F6 H8 asyn Erik,D07,9
260130 F6 H8 asyn Erik,D08,9
260130 F6 H8 asyn Erik,D09,8
260130 F6 H8 asyn Erik,D10,8
260130 F6 H8 asyn Erik,D11,8
260130 F6 H8 asyn Erik,D12,8
260130 F6 H8 asyn Erik,E02,4
260130 F6 H8 asyn Erik,E03,2
260130 F6 H8 asyn Erik,E04,2
260130 F6 H8 asyn Erik,E05,8
260130 F6 H8 asyn Erik,E06,8
260130 F6 H8 asyn Erik,E07,8
260130 F6 H8 asyn Erik,E08,8
260130 F6 H8 asyn Erik,E09,8
260130 F6 H8 asyn Erik,E10,8
260130 F6 H8 asyn Erik,E11,9
260130 F6 H8 asyn Erik,E12,8
260130 F6 H8 asyn Erik,F02,4
260130 F6 H8 asyn Erik,F03,4
260130 F6 H8 asyn Erik,F04,2
260130 F6 H8 asyn Erik,F05,4
260130 F6 H8 asyn Erik,F06,4
260130 F6 H8 asyn Erik,F07,8
260130 F6 H8 asyn Erik,F08,8
260130 F6 H8 asyn Erik,F09,8
260130 F6 H8 asyn Erik,F10,8
260130 F6 H8 asyn Erik,F11,6
260130 F6 H8 asyn Erik,F12,8
260130 F6 H8 asyn Erik,G02,8
260130 F6 H8 asyn Erik,G03,2
260130 F6 H8 asyn Erik,G04,2
260130 F6 H8 asyn Erik,G05,4
260130 F6 H8 asyn Erik,G06,8
260130 F6 H8 asyn Erik,G07,8
260130 F6 H8 asyn Erik,G08,8
260130 F6 H8 asyn Erik,G09,8
260130 F6 H8 asyn Erik,G10,8
260130 F6 H8 asyn Erik,G11,2
260130 F6 H8 asyn Erik,G12,8
260130IAPP20oC,B02,11
260130IAPP20oC,B03,11
260130IAPP20oC,B04,11
260130IAPP20oC,B05,11
260130IAPP20oC,B06,11
260130IAPP20oC,B07,11
260130IAPP20oC,B08,11
260130IAPP20oC,B09,9
260130IAPP20oC,B10,11
260130IAPP20oC,B11,11
260130IAPP20oC,C02,11
260130IAPP20oC,C03,11
260130IAPP20oC,C04,9
260130IAPP20oC,C05,11
260130IAPP20oC,C06,11
260130IAPP20oC,C07,11
260130IAPP20oC,C08,9
260130IAPP20oC,C09,9
260130IAPP20oC,C10,9
260130IAPP20oC,C11,9
260130IAPP20oC,D02,11
260130IAPP20oC,D03,6
260130IAPP20oC,D04,9
260130IAPP20oC,D05,9
260130IAPP20oC,D06,4
260130IAPP20oC,D07,8
260130IAPP20oC,D08,4
260130IAPP20oC,D09,4
260130IAPP20oC,D10,4
260130IAPP20oC,D11,4
260130IAPP20oC,E02,4
260130IAPP20oC,E03,2
260130IAPP20oC,E04,4
260130IAPP20oC,E05,4
260130IAPP20oC,E06,4
260130IAPP20oC,E07,4
260130IAPP20oC,E08,5
260130IAPP20oC,E09,5
260130IAPP20oC,E10,5
260130IAPP20oC,E11,5
260130IAPP20oC,F02,5
260130IAPP20oC,F03,2
260130IAPP20oC,F04,8
260130IAPP20oC,F05,8
260130IAPP20oC,F06,8
260130IAPP20oC,F07,8
260130IAPP20oC,F08,8
260130IAPP20oC,F09,8
260130IAPP20oC,F10,3
260130IAPP20oC,F11,3
260130IAPP20oC,G02,2
260130IAPP20oC,G03,2
260130IAPP20oC,G04,2
260130IAPP20oC,G05,0
260130IAPP20oC,G06,4
260130IAPP20oC,G07,4
260130IAPP20oC,G08,4
260130IAPP20oC,G09,4
260130IAPP20oC,G10,4
260130IAPP20oC,G11,8
260202IAPP10oC,B02,11
260202IAPP10oC,B03,11
260202IAPP10oC,B04,11
260202IAPP10oC,B05,11
260202IAPP10oC,B06,11
260202IAPP10oC,B07,11
260202IAPP10oC,B08,11
260202IAPP10oC,B09,11
260202IAPP10oC,B10,11
260202IAPP10oC,B11,11
260202IAPP10oC,C02,11
260202IAPP10oC,C03,11
260202IAPP10oC,C04,11
260202IAPP10oC,C05,11
260202IAPP10oC,C06,11
260202IAPP10oC,C07,11
260202IAPP10oC,C08,11
260202IAPP10oC,C09,11
260202IAPP10oC,C10,6
260202IAPP10oC,C11,9
260202IAPP10oC,D02,11
260202IAPP10oC,D03,11
260202IAPP10oC,D04,11
260202IAPP10oC,D05,11
260202IAPP10oC,D06,9
260202IAPP10oC,D07,11
260202IAPP10oC,D08,9
260202IAPP10oC,D09,9
260202IAPP10oC,D10,8
260202IAPP10oC,D11,8
260202IAPP10oC,E02,11
260202IAPP10oC,E03,8
260202IAPP10oC,E04,8
260202IAPP10oC,E05,8
260202IAPP10oC,E06,8
260202IAPP10oC,E07,8
260202IAPP10oC,E08,8
260202IAPP10oC,E09,2
260202IAPP10oC,E10,0
260202IAPP10oC,E11,4
260202IAPP10oC,F02,2
260202IAPP10oC,F03,4
260202IAPP10oC,F04,3
260202IAPP10oC,F05,0
260202IAPP10oC,F06,2
260202IAPP10oC,F07,2
260202IAPP10oC,F08,3
260202IAPP10oC,F09,3
260202IAPP10oC,F10,3
260202IAPP10oC,F11,5
260202IAPP10oC,G02,5
260202IAPP10oC,G03,3
260202IAPP10oC,G04,5
260202IAPP10oC,G05,10
260202IAPP10oC,G06,3
260202IAPP10oC,G07,3
260202IAPP10oC,G08,3
260202IAPP10oC,G09,3
260202IAPP10oC,G10,3
260202IAPP10oC,G11,3
260203 A1 JB6 asyn Erik,B02,8
260203 A1 JB6 asyn Erik,B03,8
260203 A1 JB6 asyn Erik,B04,8
260203 A1 JB6 asyn Erik,B05,8
260203 A1 JB6 asyn Erik,B06,9
260203 A1 JB6 asyn Erik,B07,9
260203 A1 JB6 asyn Erik,B08,9
260203 A1 JB6 asyn Erik,B09,6
260203 A1 JB6 asyn Erik,B10,9
260203 A1 JB6 asyn Erik,B11,9
260203 A1 JB6 asyn Erik,B12,9
260203 A1 JB6 asyn Erik,C02,8
260203 A1 JB6 asyn Erik,C03,8
260203 A1 JB6 asyn Erik,C04,8
260203 A1 JB6 asyn Erik,C05,8
260203 A1 JB6 asyn Erik,C06,8
260203 A1 JB6 asyn Erik,C07,9
260203 A1 JB6 asyn Erik,C08,9
260203 A1 JB6 asyn Erik,C09,9
260203 A1 JB6 asyn Erik,C10,9
260203 A1 JB6 asyn Erik,C11,9
260203 A1 JB6 asyn Erik,C12,9
260203 A1 JB6 asyn Erik,D02,4
260203 A1 JB6 asyn Erik,D03,4
260203 A1 JB6 asyn Erik,D04,8
260203 A1 JB6 asyn Erik,D05,9
260203 A1 JB6 asyn Erik,D06,9
260203 A1 JB6 asyn Erik,D07,9
260203 A1 JB6 asyn Erik,D08,9
260203 A1 JB6 asyn Erik,D09,9
260203 A1 JB6 asyn Erik,D10,1
260203 A1 JB6 asyn Erik,D11,9
260203 A1 JB6 asyn Erik,D12,1
260203 A1 JB6 asyn Erik,E02,1
260203 A1 JB6 asyn Erik,E03,5
260203 A1 JB6 asyn Erik,E04,2
260203 A1 JB6 asyn Erik,E05,0
260203 A1 JB6 asyn Erik,E06,0
260203 A1 JB6 asyn Erik,E07,0
260203 A1 JB6 asyn Erik,E08,0
260203 A1 JB6 asyn Erik,E09,8
260203 A1 JB6 asyn Erik,E10,8
260203 A1 JB6 asyn Erik,E11,9
260203 A1 JB6 asyn Erik,E12,9
260203 A1 JB6 asyn Erik,F02,4
260203 A1 JB6 asyn Erik,F03,2
260203 A1 JB6 asyn Erik,F04,0
260203 A1 JB6 asyn Erik,F05,0
260203 A1 JB6 asyn Erik,F06,0
260203 A1 JB6 asyn Erik,F07,9
260203 A1 JB6 asyn Erik,F08,2
260203 A1 JB6 asyn Erik,F09,8
260203 A1 JB6 asyn Erik,F10,9
260203 A1 JB6 asyn Erik,F11,9
260203 A1 JB6 asyn Erik,F12,9
260203 A1 JB6 asyn Erik,G02,4
260203 A1 JB6 asyn Erik,G03,5
260203 A1 JB6 asyn Erik,G04,2
260203 A1 JB6 asyn Erik,G05,0
260203 A1 JB6 asyn Erik,G06,2
260203 A1 JB6 asyn Erik,G07,0
260203 A1 JB6 asyn Erik,G08,2
260203 A1 JB6 asyn Erik,G09,9
260203 A1 JB6 asyn Erik,G10,9
260203 A1 JB6 asyn Erik,G11,9
260203 A1 JB6 asyn Erik,G12,9
260206IAPP14oC,B02,11
260206IAPP14oC,B03,11
260206IAPP14oC,B04,11
260206IAPP14oC,B05,11
260206IAPP14oC,B06,11
260206IAPP14oC,B07,11
260206IAPP14oC,B08,11
260206IAPP14oC,B09,11
260206IAPP14oC,B10,11
260206IAPP14oC,B11,11
260206IAPP14oC,C02,11
260206IAPP14oC,C03,11
260206IAPP14oC,C04,11
260206IAPP14oC,C05,11
260206IAPP14oC,C06,11
260206IAPP14oC,C07,11
260206IAPP14oC,C08,9
260206IAPP14oC,C09,11
260206IAPP14oC,C10,4
260206IAPP14oC,C11,8
260206IAPP14oC,D02,11
260206IAPP14oC,D03,11
260206IAPP14oC,D04,11
260206IAPP14oC,D05,9
260206IAPP14oC,D06,8
260206IAPP14oC,D07,4
260206IAPP14oC,D08,4
260206IAPP14oC,D09,2
260206IAPP14oC,D10,2
260206IAPP14oC,D11,2
260206IAPP14oC,E02,8
260206IAPP14oC,E03,2
260206IAPP14oC,E04,4
260206IAPP14oC,E05,0
260206IAPP14oC,E06,3
260206IAPP14oC,E07,3
260206IAPP14oC,E08,3
260206IAPP14oC,E09,3
260206IAPP14oC,E10,3
260206IAPP14oC,E11,3
260206IAPP14oC,F02,2
260206IAPP14oC,F03,3
260206IAPP14oC,F04,4
260206IAPP14oC,F05,4
260206IAPP14oC,F06,0
260206IAPP14oC,F07,3
260206IAPP14oC,F08,3
260206IAPP14oC,F09,10
260206IAPP14oC,F10,3
260206IAPP14oC,F11,3
260206IAPP14oC,G02,3
260206IAPP14oC,G03,3
260206IAPP14oC,G04,3
260206IAPP14oC,G05,3
260206IAPP14oC,G06,3
260206IAPP14oC,G07,3
260206IAPP14oC,G08,3
260206IAPP14oC,G09,3
260206IAPP14oC,G10,3
260206IAPP14oC,G11,3
260209IAPP18oC,B02,6
260209IAPP18oC,B03,11
260209IAPP18oC,B04,11
260209IAPP18oC,B05,11
260209IAPP18oC,B06,11
260209IAPP18oC,B07,11
260209IAPP18oC,B08,11
260209IAPP18oC,B09,11
260209IAPP18oC,B10,11
260209IAPP18oC,B11,11
260209IAPP18oC,C02,9
260209IAPP18oC,C03,11
260209IAPP18oC,C04,11
260209IAPP18oC,C05,9
260209IAPP18oC,C06,9
260209IAPP18oC,C07,9
260209IAPP18oC,C08,9
260209IAPP18oC,C09,9
260209IAPP18oC,C10,9
260209IAPP18oC,C11,9
260209IAPP18oC,D02,9
260209IAPP18oC,D03,9
260209IAPP18oC,D04,9
260209IAPP18oC,D05,9
260209IAPP18oC,D06,4
260209IAPP18oC,D07,4
260209IAPP18oC,D08,8
260209IAPP18oC,D09,4
260209IAPP18oC,D10,4
260209IAPP18oC,D11,4
260209IAPP18oC,E02,4
260209IAPP18oC,E03,4
260209IAPP18oC,E04,4
260209IAPP18oC,E05,4
260209IAPP18oC,E06,4
260209IAPP18oC,E07,4
260209IAPP18oC,E08,3
260209IAPP18oC,E09,0
260209IAPP18oC,E10,5
260209IAPP18oC,E11,3
260209IAPP18oC,F02,3
260209IAPP18oC,F03,3
260209IAPP18oC,F04,0
260209IAPP18oC,F05,0
260209IAPP18oC,F06,0
260209IAPP18oC,F07,0
260209IAPP18oC,F08,0
260209IAPP18oC,F09,10
260209IAPP18oC,F10,0
260209IAPP18oC,F11,0
260209IAPP18oC,G02,0
260209IAPP18oC,G03,2
260209IAPP18oC,G04,0
260209IAPP18oC,G05,3
260209IAPP18oC,G06,5
260209IAPP18oC,G07,3
260209IAPP18oC,G08,5
260209IAPP18oC,G09,3
260209IAPP18oC,G10,5
260209IAPP18oC,G11,3
260211IAPP22oC,B02,9
260211IAPP22oC,B03,11
260211IAPP22oC,B04,9
260211IAPP22oC,B05,9
260211IAPP22oC,B06,9
260211IAPP22oC,B07,9
260211IAPP22oC,B08,8
260211IAPP22oC,B09,9
260211IAPP22oC,B10,9
260211IAPP22oC,B11,9
260211IAPP22oC,C02,9
260211IAPP22oC,C03,9
260211IAPP22oC,C04,8
260211IAPP22oC,C05,8
260211IAPP22oC,C06,8
260211IAPP22oC,C07,8
260211IAPP22oC,C08,9
260211IAPP22oC,C09,9
260211IAPP22oC,C10,4
260211IAPP22oC,C11,8
260211IAPP22oC,D02,8
260211IAPP22oC,D03,8
260211IAPP22oC,D04,4
260211IAPP22oC,D05,8
260211IAPP22oC,D06,4
260211IAPP22oC,D07,4
260211IAPP22oC,D08,4
260211IAPP22oC,D09,4
260211IAPP22oC,D10,4
260211IAPP22oC,D11,4
260211IAPP22oC,E02,4
260211IAPP22oC,E03,4
260211IAPP22oC,E04,4
260211IAPP22oC,E05,2
260211IAPP22oC,E06,4
260211IAPP22oC,E07,2
260211IAPP22oC,E08,0
260211IAPP22oC,E09,0
260211IAPP22oC,E10,0
260211IAPP22oC,E11,2
260211IAPP22oC,F02,4
260211IAPP22oC,F03,4
260211IAPP22oC,F04,4
260211IAPP22oC,F05,4
260211IAPP22oC,F06,0
260211IAPP22oC,F07,0
260211IAPP22oC,F08,0
260211IAPP22oC,F09,2
260211IAPP22oC,F10,0
260211IAPP22oC,F11,10
260211IAPP22oC,G02,2
260211IAPP22oC,G03,4
260211IAPP22oC,G04,4
260211IAPP22oC,G05,4
260211IAPP22oC,G06,0
260211IAPP22oC,G07,5
260211IAPP22oC,G08,4
260211IAPP22oC,G09,0
260211IAPP22oC,G10,4
260211IAPP22oC,G11,4
260213IAPP24oC,B02,11
260213IAPP24oC,B03,11
260213IAPP24oC,B04,11
260213IAPP24oC,B05,11
260213IAPP24oC,B06,11
260213IAPP24oC,B07,11
260213IAPP24oC,B08,9
260213IAPP24oC,B09,9
260213IAPP24oC,B10,9
260213IAPP24oC,B11,9
260213IAPP24oC,C02,9
260213IAPP24oC,C03,9
260213IAPP24oC,C04,8
260213IAPP24oC,C05,9
260213IAPP24oC,C06,8
260213IAPP24oC,C07,9
260213IAPP24oC,C08,5
260213IAPP24oC,C09,9
260213IAPP24oC,C10,9
260213IAPP24oC,C11,8
260213IAPP24oC,D02,8
260213IAPP24oC,D03,8
260213IAPP24oC,D04,4
260213IAPP24oC,D05,9
260213IAPP24oC,D06,4
260213IAPP24oC,D07,4
260213IAPP24oC,D08,4
260213IAPP24oC,D09,4
260213IAPP24oC,D10,4
260213IAPP24oC,D11,4
260213IAPP24oC,E02,4
260213IAPP24oC,E03,4
260213IAPP24oC,E04,4
260213IAPP24oC,E05,4
260213IAPP24oC,E06,4
260213IAPP24oC,E07,4
260213IAPP24oC,E08,4
260213IAPP24oC,E09,4
260213IAPP24oC,E10,4
260213IAPP24oC,E11,4
260213IAPP24oC,F02,0
260213IAPP24oC,F03,4
260213IAPP24oC,F04,0
260213IAPP24oC,F05,4
260213IAPP24oC,F06,4
260213IAPP24oC,F07,4
260213IAPP24oC,F08,4
260213IAPP24oC,F09,4
260213IAPP24oC,F10,4
260213IAPP24oC,F11,4
260213IAPP24oC,G02,4
260213IAPP24oC,G03,4
260213IAPP24oC,G04,4
260213IAPP24oC,G05,4
260213IAPP24oC,G06,4
260213IAPP24oC,G07,4
260213IAPP24oC,G08,4
260213IAPP24oC,G09,4
260213IAPP24oC,G10,4
260213IAPP24oC,G11,4
260217IAPP28oC,B02,11
260217IAPP28oC,B03,11
260217IAPP28oC,B04,11
260217IAPP28oC,B05,11
260217IAPP28oC,B06,11
260217IAPP28oC,B07,11
260217IAPP28oC,B08,9
260217IAPP28oC,B09,9
260217IAPP28oC,B10,11
260217IAPP28oC,B11,11
260217IAPP28oC,C02,11
260217IAPP28oC,C03,11
260217IAPP28oC,C04,9
260217IAPP28oC,C05,9
260217IAPP28oC,C06,9
260217IAPP28oC,C07,11
260217IAPP28oC,C08,9
260217IAPP28oC,C09,9
260217IAPP28oC,C10,9
260217IAPP28oC,C11,9
260217IAPP28oC,D02,9
260217IAPP28oC,D03,9
260217IAPP28oC,D04,9
260217IAPP28oC,D05,9
260217IAPP28oC,D06,8
260217IAPP28oC,D07,8
260217IAPP28oC,D08,9
260217IAPP28oC,D09,8
260217IAPP28oC,D10,9
260217IAPP28oC,D11,9
260217IAPP28oC,E02,4
260217IAPP28oC,E03,4
260217IAPP28oC,E04,4
260217IAPP28oC,E05,4
260217IAPP28oC,E06,4
260217IAPP28oC,E07,4
260217IAPP28oC,E08,4
260217IAPP28oC,E09,4
260217IAPP28oC,E10,4
260217IAPP28oC,E11,4
260217IAPP28oC,F02,4
260217IAPP28oC,F03,4
260217IAPP28oC,F04,4
260217IAPP28oC,F05,4
260217IAPP28oC,F06,8
260217IAPP28oC,F07,4
260217IAPP28oC,F08,4
260217IAPP28oC,F09,4
260217IAPP28oC,F10,4
260217IAPP28oC,F11,4
260217IAPP28oC,G02,4
260217IAPP28oC,G03,4
260217IAPP28oC,G04,4
260217IAPP28oC,G05,4
260217IAPP28oC,G06,4
260217IAPP28oC,G07,4
260217IAPP28oC,G08,4
260217IAPP28oC,G09,4
260217IAPP28oC,G10,4
260217IAPP28oC,G11,4
260217_aSyn_dissagg_Tau_X34,A01,4
260217_aSyn_dissagg_Tau_X34,A02,0
260217_aSyn_dissagg_Tau_X34,A03,0
260217_aSyn_dissagg_Tau_X34,A04,4
260217_aSyn_dissagg_Tau_X34,A05,8
260217_aSyn_dissagg_Tau_X34,A06,10
260217_aSyn_dissagg_Tau_X34,A07,3
260217_aSyn_dissagg_Tau_X34,A08,10
260217_aSyn_dissagg_Tau_X34,A09,10
260217_aSyn_dissagg_Tau_X34,A10,10
260217_aSyn_dissagg_Tau_X34,A11,10
260217_aSyn_dissagg_Tau_X34,A12,0
260217_aSyn_dissagg_Tau_X34,B01,0
260217_aSyn_dissagg_Tau_X34,B02,10
260217_aSyn_dissagg_Tau_X34,B03,10
260217_aSyn_dissagg_Tau_X34,B04,10
260217_aSyn_dissagg_Tau_X34,B05,4
260217_aSyn_dissagg_Tau_X34,B06,0
260217_aSyn_dissagg_Tau_X34,B07,0
260217_aSyn_dissagg_Tau_X34,B08,10
260217_aSyn_dissagg_Tau_X34,B09,2
260217_aSyn_dissagg_Tau_X34,B10,0
260217_aSyn_dissagg_Tau_X34,B11,4
260217_aSyn_dissagg_Tau_X34,B12,10
260217_aSyn_dissagg_Tau_X34,C01,10
260217_aSyn_dissagg_Tau_X34,C02,10
260217_aSyn_dissagg_Tau_X34,C03,10
260217_aSyn_dissagg_Tau_X34,C04,10
260217_aSyn_dissagg_Tau_X34,C05,2
260217_aSyn_dissagg_Tau_X34,C06,0
260217_aSyn_dissagg_Tau_X34,C07,0
260217_aSyn_dissagg_Tau_X34,C08,0
260217_aSyn_dissagg_Tau_X34,C09,8
260217_aSyn_dissagg_Tau_X34,C10,7
260217_aSyn_dissagg_Tau_X34,C11,4
260217_aSyn_dissagg_Tau_X34,C12,8
260217_aSyn_dissagg_Tau_X34,D01,10
260217_aSyn_dissagg_Tau_X34,D02,10
260217_aSyn_dissagg_Tau_X34,D03,10
260217_aSyn_dissagg_Tau_X34,D04,8
260217_aSyn_dissagg_Tau_X34,D05,10
260217_aSyn_dissagg_Tau_X34,D06,4
260217_aSyn_dissagg_Tau_X34,D07,0
260217_aSyn_dissagg_Tau_X34,D08,8
260217_aSyn_dissagg_Tau_X34,D09,2
260217_aSyn_dissagg_Tau_X34,D10,4
260217_aSyn_dissagg_Tau_X34,D11,4
260217_aSyn_dissagg_Tau_X34,D12,5
260217_aSyn_dissagg_Tau_X34,E01,2
260217_aSyn_dissagg_Tau_X34,E02,5
260217_aSyn_dissagg_Tau_X34,E03,10
260217_aSyn_dissagg_Tau_X34,E04,10
260217_aSyn_dissagg_Tau_X34,E05,10
260217_aSyn_dissagg_Tau_X34,E06,0
260217_aSyn_dissagg_Tau_X34,E07,4
260217_aSyn_dissagg_Tau_X34,E08,0
260217_aSyn_dissagg_Tau_X34,E09,8
260217_aSyn_dissagg_Tau_X34,E10,0
260217_aSyn_dissagg_Tau_X34,E11,2
260217_aSyn_dissagg_Tau_X34,E12,4
260217_aSyn_dissagg_Tau_X34,F01,4
260217_aSyn_dissagg_Tau_X34,F02,10
260217_aSyn_dissagg_Tau_X34,F03,0
260217_aSyn_dissagg_Tau_X34,F04,10
260217_aSyn_dissagg_Tau_X34,F05,10
260217_aSyn_dissagg_Tau_X34,F06,10
260217_aSyn_dissagg_Tau_X34,F07,4
260217_aSyn_dissagg_Tau_X34,F08,1
260217_aSyn_dissagg_Tau_X34,F09,0
260217_aSyn_dissagg_Tau_X34,F10,4
260217_aSyn_dissagg_Tau_X34,F11,0
260217_aSyn_dissagg_Tau_X34,F12,10
260217_aSyn_dissagg_Tau_X34,G01,0
260217_aSyn_dissagg_Tau_X34,G02,0
260217_aSyn_dissagg_Tau_X34,G03,0
260217_aSyn_dissagg_Tau_X34,G04,9
260217_aSyn_dissagg_Tau_X34,G05,9
260217_aSyn_dissagg_Tau_X34,G06,8
260217_aSyn_dissagg_Tau_X34,G07,2
260217_aSyn_dissagg_Tau_X34,G08,4
260217_aSyn_dissagg_Tau_X34,G09,3
260217_aSyn_dissagg_Tau_X34,G10,8
260217_aSyn_dissagg_Tau_X34,G11,0
260217_aSyn_dissagg_Tau_X34,G12,9
260217_aSyn_dissagg_Tau_X34,H01,10
260217_aSyn_dissagg_Tau_X34,H02,10
260217_aSyn_dissagg_Tau_X34,H03,0
260217_aSyn_dissagg_Tau_X34,H04,10
260217_aSyn_dissagg_Tau_X34,H05,3
260217_aSyn_dissagg_Tau_X34,H06,4
260217_aSyn_dissagg_Tau_X34,H07,10
260217_aSyn_dissagg_Tau_X34,H08,10
260217_aSyn_dissagg_Tau_X34,H09,0
260217_aSyn_dissagg_Tau_X34,H10,8
260217_aSyn_dissagg_Tau_X34,H11,10
260217_aSyn_dissagg_Tau_X34,H12,8
260221IAPP32oC,B02,11
260221IAPP32oC,B03,11
260221IAPP32oC,B04,9
260221IAPP32oC,B05,11
260221IAPP32oC,B06,11
260221IAPP32oC,B07,11
260221IAPP32oC,B08,9
260221IAPP32oC,B09,9
260221IAPP32oC,B10,11
260221IAPP32oC,B11,6
260221IAPP32oC,C02,6
260221IAPP32oC,C03,9
260221IAPP32oC,C04,9
260221IAPP32oC,C05,8
260221IAPP32oC,C06,9
260221IAPP32oC,C07,9
260221IAPP32oC,C08,9
260221IAPP32oC,C09,6
260221IAPP32oC,C10,8
260221IAPP32oC,C11,9
260221IAPP32oC,D02,9
260221IAPP32oC,D03,8
260221IAPP32oC,D04,8
260221IAPP32oC,D05,8
260221IAPP32oC,D06,4
260221IAPP32oC,D07,4
260221IAPP32oC,D08,4
260221IAPP32oC,D09,8
260221IAPP32oC,D10,4
260221IAPP32oC,D11,8
260221IAPP32oC,E02,4
260221IAPP32oC,E03,4
260221IAPP32oC,E04,2
260221IAPP32oC,E05,2
260221IAPP32oC,E06,4
260221IAPP32oC,E07,4
260221IAPP32oC,E08,2
260221IAPP32oC,E09,4
260221IAPP32oC,E10,2
260221IAPP32oC,E11,2
260221IAPP32oC,F02,4
260221IAPP32oC,F03,2
260221IAPP32oC,F04,4
260221IAPP32oC,F05,8
260221IAPP32oC,F06,4
260221IAPP32oC,F07,2
260221IAPP32oC,F08,4
260221IAPP32oC,F09,0
260221IAPP32oC,F10,0
260221IAPP32oC,F11,4
260221IAPP32oC,G02,4
260221IAPP32oC,G03,2
260221IAPP32oC,G04,4
260221IAPP32oC,G05,4
260221IAPP32oC,G06,4
260221IAPP32oC,G07,0
260221IAPP32oC,G08,4
260221IAPP32oC,G09,4
260221IAPP32oC,G10,4
260221IAPP32oC,G11,4
260223IAPP36oC,B02,9
260223IAPP36oC,B03,11
260223IAPP36oC,B04,11
260223IAPP36oC,B05,11
260223IAPP36oC,B06,11
260223IAPP36oC,B07,11
260223IAPP36oC,B08,11
260223IAPP36oC,B09,11
260223IAPP36oC,B10,11
260223IAPP36oC,B11,11
260223IAPP36oC,C02,11
260223IAPP36oC,C03,11
260223IAPP36oC,C04,6
260223IAPP36oC,C05,6
260223IAPP36oC,C06,11
260223IAPP36oC,C07,11
260223IAPP36oC,C08,11
260223IAPP36oC,C09,11
260223IAPP36oC,C10,6
260223IAPP36oC,C11,6
260223IAPP36oC,D02,6
260223IAPP36oC,D03,6
260223IAPP36oC,D04,6
260223IAPP36oC,D05,6
260223IAPP36oC,D06,9
260223IAPP36oC,D07,9
260223IAPP36oC,D08,6
260223IAPP36oC,D09,1
260223IAPP36oC,D10,9
260223IAPP36oC,D11,9
260223IAPP36oC,E02,9
260223IAPP36oC,E03,9
260223IAPP36oC,E04,9
260223IAPP36oC,E05,9
260223IAPP36oC,E06,9
260223IAPP36oC,E07,9
260223IAPP36oC,E08,8
260223IAPP36oC,E09,8
260223IAPP36oC,E10,8
260223IAPP36oC,E11,8
260223IAPP36oC,F02,8
260223IAPP36oC,F03,8
260223IAPP36oC,F04,9
260223IAPP36oC,F05,8
260223IAPP36oC,F06,8
260223IAPP36oC,F07,8
260223IAPP36oC,F08,8
260223IAPP36oC,F09,8
260223IAPP36oC,F10,9
260223IAPP36oC,F11,9
260223IAPP36oC,G02,9
260223IAPP36oC,G03,9
260223IAPP36oC,G04,9
260223IAPP36oC,G05,8
260223IAPP36oC,G06,4
260223IAPP36oC,G07,4
260223IAPP36oC,G08,4
260223IAPP36oC,G09,8
260223IAPP36oC,G10,8
260223IAPP36oC,G11,8
260224IAPP40oC,B02,11
260224IAPP40oC,B03,11
260224IAPP40oC,B04,11
260224IAPP40oC,B05,11
260224IAPP40oC,B06,11
260224IAPP40oC,B07,11
260224IAPP40oC,B08,11
260224IAPP40oC,B09,11
260224IAPP40oC,B10,11
260224IAPP40oC,B11,11
260224IAPP40oC,C02,11
260224IAPP40oC,C03,11
260224IAPP40oC,C04,6
260224IAPP40oC,C05,11
260224IAPP40oC,C06,11
260224IAPP40oC,C07,11
260224IAPP40oC,C08,11
260224IAPP40oC,C09,11
260224IAPP40oC,C10,6
260224IAPP40oC,C11,6
260224IAPP40oC,D02,6
260224IAPP40oC,D03,6
260224IAPP40oC,D04,6
260224IAPP40oC,D05,6
260224IAPP40oC,D06,9
260224IAPP40oC,D07,9
260224IAPP40oC,D08,1
260224IAPP40oC,D09,1
260224IAPP40oC,D10,1
260224IAPP40oC,D11,1
260224IAPP40oC,E02,8
260224IAPP40oC,E03,8
260224IAPP40oC,E04,9
260224IAPP40oC,E05,9
260224IAPP40oC,E06,9
260224IAPP40oC,E07,8
260224IAPP40oC,E08,8
260224IAPP40oC,E09,8
260224IAPP40oC,E10,8
260224IAPP40oC,E11,8
260224IAPP40oC,F02,8
260224IAPP40oC,F03,8
260224IAPP40oC,F04,0
260224IAPP40oC,F05,8
260224IAPP40oC,F06,4
260224IAPP40oC,F07,8
260224IAPP40oC,F08,4
260224IAPP40oC,F09,8
260224IAPP40oC,F10,4
260224IAPP40oC,F11,4
260224IAPP40oC,G02,4
260224IAPP40oC,G03,4
260224IAPP40oC,G04,4
260224IAPP40oC,G05,4
260224IAPP40oC,G06,4
260224IAPP40oC,G07,4
260224IAPP40oC,G08,8
260224IAPP40oC,G09,4
260224IAPP40oC,G10,4
260224IAPP40oC,G11,4
260225IAPP44oC,B02,11
260225IAPP44oC,B03,11
260225IAPP44oC,B04,11
260225IAPP44oC,B05,11
260225IAPP44oC,B06,11
260225IAPP44oC,B07,11
260225IAPP44oC,B08,11
260225IAPP44oC,B09,11
260225IAPP44oC,B10,11
260225IAPP44oC,B11,11
260225IAPP44oC,C02,11
260225IAPP44oC,C03,11
260225IAPP44oC,C04,6
260225IAPP44oC,C05,11
260225IAPP44oC,C06,11
260225IAPP44oC,C07,11
260225IAPP44oC,C08,11
260225IAPP44oC,C09,11
260225IAPP44oC,C10,6
260225IAPP44oC,C11,11
260225IAPP44oC,D02,11
260225IAPP44oC,D03,11
260225IAPP44oC,D04,11
260225IAPP44oC,D05,11
260225IAPP44oC,D06,9
260225IAPP44oC,D07,6
260225IAPP44oC,D08,6
260225IAPP44oC,D09,6
260225IAPP44oC,D10,6
260225IAPP44oC,D11,6
260225IAPP44oC,E02,8
260225IAPP44oC,E03,8
260225IAPP44oC,E04,9
260225IAPP44oC,E05,9
260225IAPP44oC,E06,9
260225IAPP44oC,E07,9
260225IAPP44oC,E08,8
260225IAPP44oC,E09,9
260225IAPP44oC,E10,9
260225IAPP44oC,E11,9
260225IAPP44oC,F02,9
260225IAPP44oC,F03,8
260225IAPP44oC,F04,8
260225IAPP44oC,F05,8
260225IAPP44oC,F06,8
260225IAPP44oC,F07,1
260225IAPP44oC,F08,4
260225IAPP44oC,F09,8
260225IAPP44oC,F10,8
260225IAPP44oC,F11,8
260225IAPP44oC,G02,8
260225IAPP44oC,G03,8
260225IAPP44oC,G04,8
260225IAPP44oC,G05,8
260225IAPP44oC,G06,4
260225IAPP44oC,G07,8
260225IAPP44oC,G08,8
260225IAPP44oC,G09,8
260225IAPP44oC,G10,8
260225IAPP44oC,G11,8
260227IAPP26oC,B02,11
260227IAPP26oC,B03,11
260227IAPP26oC,B04,11
260227IAPP26oC,B05,11
260227IAPP26oC,B06,11
260227IAPP26oC,B07,11
260227IAPP26oC,B08,9
260227IAPP26oC,B09,9
260227IAPP26oC,B10,9
260227IAPP26oC,B11,11
260227IAPP26oC,C02,9
260227IAPP26oC,C03,11
260227IAPP26oC,C04,9
260227IAPP26oC,C05,9
260227IAPP26oC,C06,9
260227IAPP26oC,C07,9
260227IAPP26oC,C08,9
260227IAPP26oC,C09,9
260227IAPP26oC,C10,9
260227IAPP26oC,C11,9
260227IAPP26oC,D02,9
260227IAPP26oC,D03,9
260227IAPP26oC,D04,9
260227IAPP26oC,D05,9
260227IAPP26oC,D06,4
260227IAPP26oC,D07,9
260227IAPP26oC,D08,4
260227IAPP26oC,D09,8
260227IAPP26oC,D10,9
260227IAPP26oC,D11,9
260227IAPP26oC,E02,4
260227IAPP26oC,E03,4
260227IAPP26oC,E04,4
260227IAPP26oC,E05,4
260227IAPP26oC,E06,4
260227IAPP26oC,E07,4
260227IAPP26oC,E08,4
260227IAPP26oC,E09,4
260227IAPP26oC,E10,4
260227IAPP26oC,E11,4
260227IAPP26oC,F02,4
260227IAPP26oC,F03,4
260227IAPP26oC,F04,4
260227IAPP26oC,F05,4
260227IAPP26oC,F06,4
260227IAPP26oC,F07,4
260227IAPP26oC,F08,8
260227IAPP26oC,F09,8
260227IAPP26oC,F10,8
260227IAPP26oC,F11,9
260227IAPP26oC,G02,8
260227IAPP26oC,G03,8
260227IAPP26oC,G04,8
260227IAPP26oC,G05,4
260227IAPP26oC,G06,4
260227IAPP26oC,G07,5
260227IAPP26oC,G08,4
260227IAPP26oC,G09,4
260227IAPP26oC,G10,9
260227IAPP26oC,G11,9
260303_A1_B2_1-119,B02,0
260303_A1_B2_1-119,B03,4
260303_A1_B2_1-119,B04,8
260303_A1_B2_1-119,B05,9
260303_A1_B2_1-119,B06,9
260303_A1_B2_1-119,B07,9
260303_A1_B2_1-119,B08,9
260303_A1_B2_1-119,B09,6
260303_A1_B2_1-119,B10,9
260303_A1_B2_1-119,B11,9
260303_A1_B2_1-119,B12,9
260303_A1_B2_1-119,C02,9
260303_A1_B2_1-119,C03,2
260303_A1_B2_1-119,C04,8
260303_A1_B2_1-119,C05,9
260303_A1_B2_1-119,C06,9
260303_A1_B2_1-119,C07,9
260303_A1_B2_1-119,C08,9
260303_A1_B2_1-119,C09,9
260303_A1_B2_1-119,C10,9
260303_A1_B2_1-119,C11,9
260303_A1_B2_1-119,C12,9
260303_A1_B2_1-119,E02,10
260303_A1_B2_1-119,E03,2
260303_A1_B2_1-119,E04,8
260303_A1_B2_1-119,E05,8
260303_A1_B2_1-119,E06,9
260303_A1_B2_1-119,E07,1
260303_A1_B2_1-119,E08,6
260303_A1_B2_1-119,E09,9
260303_A1_B2_1-119,E10,6
260303_A1_B2_1-119,E11,6
260303_A1_B2_1-119,E12,9
260303_A1_B2_1-119,F02,3
260303_A1_B2_1-119,F03,2
260303_A1_B2_1-119,F04,4
260303_A1_B2_1-119,F05,8
260303_A1_B2_1-119,F06,9
260303_A1_B2_1-119,F07,6
260303_A1_B2_1-119,F08,6
260303_A1_B2_1-119,F09,9
260303_A1_B2_1-119,F10,6
260303_A1_B2_1-119,F11,6
260303_A1_B2_1-119,F12,9
260303_A1_B2_1-119,G02,4
260303_A1_B2_1-119,G03,2
260303_A1_B2_1-119,G04,8
260303_A1_B2_1-119,G05,8
260303_A1_B2_1-119,G06,9
260303_A1_B2_1-119,G07,9
260303_A1_B2_1-119,G08,6
260303_A1_B2_1-119,G09,1
260303_A1_B2_1-119,G10,6
260303_A1_B2_1-119,G11,1
260303_A1_B2_1-119,G12,6
260306_C3_D4_1-119,B02,9
260306_C3_D4_1-119,B03,9
260306_C3_D4_1-119,B04,6
260306_C3_D4_1-119,B05,6
260306_C3_D4_1-119,B06,9
260306_C3_D4_1-119,B07,9
260306_C3_D4_1-119,B08,9
260306_C3_D4_1-119,B09,6
260306_C3_D4_1-119,B10,9
260306_C3_D4_1-119,B11,9
260306_C3_D4_1-119,B12,9
260306_C3_D4_1-119,C02,8
260306_C3_D4_1-119,C03,6
260306_C3_D4_1-119,C04,9
260306_C3_D4_1-119,C05,1
260306_C3_D4_1-119,C06,9
260306_C3_D4_1-119,C07,9
260306_C3_D4_1-119,C08,6
260306_C3_D4_1-119,C09,6
260306_C3_D4_1-119,C10,6
260306_C3_D4_1-119,C11,9
260306_C3_D4_1-119,C12,8
260306_C3_D4_1-119,D02,9
260306_C3_D4_1-119,D03,6
260306_C3_D4_1-119,D04,1
260306_C3_D4_1-119,D05,9
260306_C3_D4_1-119,D06,6
260306_C3_D4_1-119,D07,9
260306_C3_D4_1-119,D08,9
260306_C3_D4_1-119,D09,6
260306_C3_D4_1-119,D10,9
260306_C3_D4_1-119,D11,2
260306_C3_D4_1-119,D12,5
260306_C3_D4_1-119,E02,5
260306_C3_D4_1-119,E03,2
260306_C3_D4_1-119,E04,8
260306_C3_D4_1-119,E05,9
260306_C3_D4_1-119,E06,8
260306_C3_D4_1-119,E07,9
260306_C3_D4_1-119,E08,9
260306_C3_D4_1-119,E09,9
260306_C3_D4_1-119,E10,9
260306_C3_D4_1-119,E11,9
260306_C3_D4_1-119,E12,9
260306_C3_D4_1-119,F02,5
260306_C3_D4_1-119,F03,4
260306_C3_D4_1-119,F04,9
260306_C3_D4_1-119,F05,9
260306_C3_D4_1-119,F06,9
260306_C3_D4_1-119,F07,9
260306_C3_D4_1-119,F08,9
260306_C3_D4_1-119,F09,6
260306_C3_D4_1-119,F10,9
260306_C3_D4_1-119,F11,9
260306_C3_D4_1-119,F12,0
260306_C3_D4_1-119,G02,8
260306_C3_D4_1-119,G03,4
260306_C3_D4_1-119,G04,8
260306_C3_D4_1-119,G05,9
260306_C3_D4_1-119,G06,9
260306_C3_D4_1-119,G07,6
260306_C3_D4_1-119,G08,9
260306_C3_D4_1-119,G09,6
260306_C3_D4_1-119,G10,9
260306_C3_D4_1-119,G11,8
260306_C3_D4_1-119,G12,9
260309_E5_F6_1-119,B02,2
260309_E5_F6_1-119,B03,9
260309_E5_F6_1-119,B04,9
260309_E5_F6_1-119,B05,9
260309_E5_F6_1-119,B06,9
260309_E5_F6_1-119,B07,6
260309_E5_F6_1-119,B08,6
260309_E5_F6_1-119,B09,6
260309_E5_F6_1-119,B10,6
260309_E5_F6_1-119,B11,6
260309_E5_F6_1-119,C02,5
260309_E5_F6_1-119,C03,9
260309_E5_F6_1-119,C04,9
260309_E5_F6_1-119,C05,9
260309_E5_F6_1-119,C06,9
260309_E5_F6_1-119,C07,6
260309_E5_F6_1-119,C08,6
260309_E5_F6_1-119,C09,6
260309_E5_F6_1-119,C10,6
260309_E5_F6_1-119,C11,6
260309_E5_F6_1-119,D02,0
260309_E5_F6_1-119,D03,9
260309_E5_F6_1-119,D04,9
260309_E5_F6_1-119,D05,9
260309_E5_F6_1-119,D06,9
260309_E5_F6_1-119,D07,6
260309_E5_F6_1-119,D08,6
260309_E5_F6_1-119,D09,6
260309_E5_F6_1-119,D10,6
260309_E5_F6_1-119,D11,6
260309_E5_F6_1-119,E02,9
260309_E5_F6_1-119,E03,9
260309_E5_F6_1-119,E04,9
260309_E5_F6_1-119,E05,6
260309_E5_F6_1-119,E06,6
260309_E5_F6_1-119,E07,6
260309_E5_F6_1-119,E08,6
260309_E5_F6_1-119,E09,6
260309_E5_F6_1-119,E10,6
260309_E5_F6_1-119,E11,6
260309_E5_F6_1-119,F02,9
260309_E5_F6_1-119,F03,9
260309_E5_F6_1-119,F04,6
260309_E5_F6_1-119,F05,6
260309_E5_F6_1-119,F06,6
260309_E5_F6_1-119,F07,6
260309_E5_F6_1-119,F08,6
260309_E5_F6_1-119,F09,6
260309_E5_F6_1-119,F10,6
260309_E5_F6_1-119,F11,1
260309_E5_F6_1-119,G02,8
260309_E5_F6_1-119,G03,6
260309_E5_F6_1-119,G04,6
260309_E5_F6_1-119,G05,6
260309_E5_F6_1-119,G06,6
260309_E5_F6_1-119,G07,6
260309_E5_F6_1-119,G08,6
260309_E5_F6_1-119,G09,6
260309_E5_F6_1-119,G10,6
260309_E5_F6_1-119,G11,4
260313_G7_H8_1-119,B02,9
260313_G7_H8_1-119,B03,0
260313_G7_H8_1-119,B04,9
260313_G7_H8_1-119,B05,9
260313_G7_H8_1-119,B06,9
260313_G7_H8_1-119,B07,2
260313_G7_H8_1-119,B08,2
260313_G7_H8_1-119,B09,9
260313_G7_H8_1-119,B10,6
260313_G7_H8_1-119,B11,2
260313_G7_H8_1-119,B12,5
260313_G7_H8_1-119,C02,2
260313_G7_H8_1-119,C03,4
260313_G7_H8_1-119,C04,9
260313_G7_H8_1-119,C05,9
260313_G7_H8_1-119,C06,8
260313_G7_H8_1-119,C07,4
260313_G7_H8_1-119,C08,2
260313_G7_H8_1-119,C09,9
260313_G7_H8_1-119,C10,6
260313_G7_H8_1-119,C11,6
260313_G7_H8_1-119,C12,4
260313_G7_H8_1-119,D02,4
260313_G7_H8_1-119,D03,8
260313_G7_H8_1-119,D04,9
260313_G7_H8_1-119,D05,9
260313_G7_H8_1-119,D06,9
260313_G7_H8_1-119,D07,4
260313_G7_H8_1-119,D08,2
260313_G7_H8_1-119,D09,9
260313_G7_H8_1-119,D10,6
260313_G7_H8_1-119,D11,1
260313_G7_H8_1-119,D12,4
260313_G7_H8_1-119,E02,6
260313_G7_H8_1-119,E03,6
260313_G7_H8_1-119,E04,6
260313_G7_H8_1-119,E05,6
260313_G7_H8_1-119,E06,1
260313_G7_H8_1-119,E07,6
260313_G7_H8_1-119,E08,6
260313_G7_H8_1-119,E09,6
260313_G7_H8_1-119,E10,6
260313_G7_H8_1-119,E11,1
260313_G7_H8_1-119,E12,4
260313_G7_H8_1-119,F02,6
260313_G7_H8_1-119,F03,4
260313_G7_H8_1-119,F04,6
260313_G7_H8_1-119,F05,1
260313_G7_H8_1-119,F06,6
260313_G7_H8_1-119,F07,6
260313_G7_H8_1-119,F08,6
260313_G7_H8_1-119,F09,6
260313_G7_H8_1-119,F10,6
260313_G7_H8_1-119,F11,4
260313_G7_H8_1-119,F12,4
260313_G7_H8_1-119,G02,4
260313_G7_H8_1-119,G03,9
260313_G7_H8_1-119,G04,6
260313_G7_H8_1-119,G05,6
260313_G7_H8_1-119,G06,6
260313_G7_H8_1-119,G07,6
260313_G7_H8_1-119,G08,6
260313_G7_H8_1-119,G09,6
260313_G7_H8_1-119,G10,3
260313_G7_H8_1-119,G11,4
260313_G7_H8_1-119,G12,4
4S-Nt 240421,D07,6
4S-Nt 240421,D08,11
4S-Nt 240421,D09,11
4S-Nt 240421,D10,11
4S-Nt 240421,D11,11
4S-Nt 240421,E08,6
4S-Nt 240421,E09,6
4S-Nt 240421,E10,6
4S-Nt 240421,E11,6
4S-Nt 240421,F08,9
4S-Nt 240421,F09,6
4S-Nt 240421,F10,9
4S-Nt 240421,F11,9
4S-Nt 240421,G08,1
4S-Nt 240421,G09,1
4S-Nt 240421,G10,3
4S-Nt 240421,G11,1
4S-Nt 240421,H08,0
4S-Nt 240421,H09,0
4S-Nt 240421,H10,0
4S-Nt 240421,H11,2
A2,A01,2
A2,A02,3
A2,A03,3
A2,A04,3
A2,A05,3
A2,A06,3
A2,A07,3
A2,A08,3
A2,A09,3
A2,A10,2
A2,A11,2
A2,A12,2
A2,B01,10
A2,B02,3
A2,B03,3
A2,B04,3
A2,B05,3
A2,B06,3
A2,B07,3
A2,B08,3
A2,B09,3
A2,B10,10
A2,B11,10
A2,B12,10
A2,C01,3
A2,C02,3
A2,C03,3
A2,C04,3
A2,C05,3
A2,C06,3
A2,C07,10
A2,C08,3
A2,C09,3
A2,C10,10
A2,C11,10
A2,C12,10
A2,D01,10
A2,D02,3
A2,D03,3
A2,D04,3
A2,D05,3
A2,D06,10
A2,D07,10
A2,D08,10
A2,D09,10
A2,D10,10
A2,D11,10
A2,D12,0
A2,E01,10
A2,E02,3
A2,E03,10
A2,E04,10
A2,E05,3
A2,E06,3
A2,E07,3
A2,E08,10
A2,E09,10
A2,E10,10
A2,E11,0
A2,E12,10
A2,F01,10
A2,F02,10
A2,F03,10
A2,F04,10
A2,F05,10
A2,F06,10
A2,F07,3
A2,F08,10
A2,F09,10
A2,F10,0
A2,F11,10
A2,F12,10
A2,G01,4
A2,G02,10
A2,G03,10
A2,G04,10
A2,G05,10
A2,G06,10
A2,G07,10
A2,G08,10
A2,G09,10
A2,G10,5
A2,G11,10
A2,G12,10
A2,H01,4
A2,H02,4
A2,H03,2
A2,H04,10
A2,H05,10
A2,H06,10
A2,H07,10
A2,H08,10
A2,H09,10
A2,H10,3
A2,H11,10
A2,H12,5
AB37-38-40-mkseed,B02,4
AB37-38-40-mkseed,B04,0
AB37-38-40-mkseed,B06,11
AB37-38-40-mkseed,C02,8
AB37-38-40-mkseed,C04,0
AB37-38-40-mkseed,C06,11
AB37-38-seeding,C01,1
AB37-38-seeding,C02,3
AB37-38-seeding,C03,1
AB37-38-seeding,C04,6
AB37-38-seeding,C05,9
AB37-38-seeding,C06,10
AB37-38-seeding,C07,1
AB37-38-seeding,C08,1
AB37-38-seeding,C09,1
AB37-38-seeding,C10,1
AB37-38-seeding,C11,1
AB37-38-seeding,C12,5
AB37-38-seeding,D01,4
AB37-38-seeding,D02,4
AB37-38-seeding,D03,4
AB37-38-seeding,D04,9
AB37-38-seeding,D05,4
AB37-38-seeding,D06,4
AB37-38-seeding,D07,4
AB37-38-seeding,D08,8
AB37-38-seeding,D09,4
AB37-38-seeding,D10,8
AB37-38-seeding,D11,8
AB37-38-seeding,D12,9
AB37-38-seeding,E01,7
AB37-38-seeding,E02,0
AB37-38-seeding,E03,2
AB37-38-seeding,E04,2
AB37-38-seeding,E05,2
AB37-38-seeding,E06,2
AB37-38-seeding,E07,2
AB37-38-seeding,E08,4
AB37-38-seeding,E09,4
AB37-38-seeding,E10,4
AB37-38-seeding,E11,2
AB37-38-seeding,E12,9
AB37-38-seeding,F01,0
AB37-38-seeding,F02,7
AB37-38-seeding,F03,4
AB37-38-seeding,F04,4
AB37-38-seeding,F05,7
AB37-38-seeding,F06,5
AB37-38-seeding,F07,0
AB37-38-seeding,F08,2
AB37-38-seeding,F09,0
AB37-38-seeding,F10,0
AB37-38-seeding,F11,2
AB37-38-seeding,F12,9
AB37-38-seeding,G01,0
AB37-38-seeding,G02,2
AB37-38-seeding,G03,4
AB37-38-seeding,G04,7
AB37-38-seeding,G05,4
AB37-38-seeding,G06,2
AB37-38-seeding,G07,0
AB37-38-seeding,G08,7
AB37-38-seeding,G09,0
AB37-38-seeding,G10,5
AB37-38-seeding,G11,7
AB37-38-seeding,G12,6
AB37-38-seeding,H01,2
AB37-38-seeding,H02,4
AB37-38-seeding,H03,2
AB37-38-seeding,H04,2
AB37-38-seeding,H05,2
AB37-38-seeding,H06,2
AB37-38-seeding,H07,2
AB37-38-seeding,H08,2
AB37-38-seeding,H09,2
AB37-38-seeding,H10,2
AB37-38-seeding,H11,2
AB37-38-seeding,H12,6
Ab42B6seed250708200nM,B02,11
Ab42B6seed250708200nM,B03,11
Ab42B6seed250708200nM,B04,11
Ab42B6seed250708200nM,B05,3
Ab42B6seed250708200nM,B06,11
Ab42B6seed250708200nM,B07,11
Ab42B6seed250708200nM,B08,11
Ab42B6seed250708200nM,B09,11
Ab42B6seed250708200nM,B10,11
Ab42B6seed250708200nM,C02,11
Ab42B6seed250708200nM,C03,11
Ab42B6seed250708200nM,C04,11
Ab42B6seed250708200nM,C05,11
Ab42B6seed250708200nM,C06,11
Ab42B6seed250708200nM,C07,11
Ab42B6seed250708200nM,C08,11
Ab42B6seed250708200nM,C09,11
Ab42B6seed250708200nM,C10,11
Ab42B6seed250708200nM,D02,11
Ab42B6seed250708200nM,D03,11
Ab42B6seed250708200nM,D04,11
Ab42B6seed250708200nM,D05,6
Ab42B6seed250708200nM,D06,6
Ab42B6seed250708200nM,D07,6
Ab42B6seed250708200nM,D08,6
Ab42B6seed250708200nM,D09,6
Ab42B6seed250708200nM,D10,6
Ab42B6seed250708200nM,E02,5
Ab42B6seed250708200nM,E03,5
Ab42B6seed250708200nM,E04,5
Ab42B6seed250708200nM,E05,3
Ab42B6seed250708200nM,E06,5
Ab42B6seed250708200nM,E07,5
Ab42B6seed250708200nM,E08,5
Ab42B6seed250708200nM,E09,5
Ab42B6seed250708200nM,E10,5
Ab42B6seed250708200nM,F02,5
Ab42B6seed250708200nM,F03,5
Ab42B6seed250708200nM,F04,5
Ab42B6seed250708200nM,F05,11
Ab42B6seed250708200nM,F06,11
Ab42B6seed250708200nM,F07,11
Ab42B6seed250708200nM,F08,5
Ab42B6seed250708200nM,F09,5
Ab42B6seed250708200nM,F10,5
Ab42B6seed250708200nM,G02,3
Ab42B6seed250708200nM,G03,3
Ab42B6seed250708200nM,G04,3
Ab42B6seed250708200nM,G05,11
Ab42B6seed250708200nM,G06,11
Ab42B6seed250708200nM,G07,11
Ab42B6seed250708200nM,G08,11
Ab42B6seed250708200nM,G09,11
Ab42B6seed250708200nM,G10,11
Ab42_5_3_DNAJB6,A01,5
Ab42_5_3_DNAJB6,A02,5
Ab42_5_3_DNAJB6,A03,5
Ab42_5_3_DNAJB6,A04,3
Ab42_5_3_DNAJB6,A05,3
Ab42_5_3_DNAJB6,A06,3
Ab42_5_3_DNAJB6,A07,3
Ab42_5_3_DNAJB6,A08,3
Ab42_5_3_DNAJB6,A09,3
Ab42_5_3_DNAJB6,A10,11
Ab42_5_3_DNAJB6,A11,11
Ab42_5_3_DNAJB6,A12,9
Ab42_5_3_DNAJB6,B01,6
Ab42_5_3_DNAJB6,B02,1
Ab42_5_3_DNAJB6,B03,9
Ab42_5_3_DNAJB6,B04,6
Ab42_5_3_DNAJB6,B05,6
Ab42_5_3_DNAJB6,B06,6
Ab42_5_3_DNAJB6,B07,1
Ab42_5_3_DNAJB6,B08,8
Ab42_5_3_DNAJB6,B09,9
Ab42_5_3_DNAJB6,B10,8
Ab42_5_3_DNAJB6,B11,1
Ab42_5_3_DNAJB6,B12,1
Ab42_5_3_DNAJB6,C01,8
Ab42_5_3_DNAJB6,C02,2
Ab42_5_3_DNAJB6,C03,2
Ab42_5_3_DNAJB6,C04,1
Ab42_5_3_DNAJB6,C05,4
Ab42_5_3_DNAJB6,C06,4
Ab42_5_3_DNAJB6,C07,2
Ab42_5_3_DNAJB6,C08,8
Ab42_5_3_DNAJB6,C09,4
Ab42_5_3_DNAJB6,C10,4
Ab42_5_3_DNAJB6,C11,2
Ab42_5_3_DNAJB6,C12,4
Ab42_5_3_DNAJB6,D01,2
Ab42_5_3_DNAJB6,D02,2
Ab42_5_3_DNAJB6,D03,2
Ab42_5_3_DNAJB6,D04,2
Ab42_5_3_DNAJB6,D05,2
Ab42_5_3_DNAJB6,D06,0
Ab42_5_3_DNAJB6,D07,3
Ab42_5_3_DNAJB6,D08,10
Ab42_5_3_DNAJB6,D09,10
Ab42_5_3_DNAJB6,D10,5
Ab42_5_3_DNAJB6,D11,3
Ab42_5_3_DNAJB6,D12,5
Ab42_5_3_DNAJB6,E01,6
Ab42_5_3_DNAJB6,E02,3
Ab42_5_3_DNAJB6,E03,3
Ab42_5_3_DNAJB6,E04,3
Ab42_5_3_DNAJB6,E05,6
Ab42_5_3_DNAJB6,E06,6
Ab42_5_3_DNAJB6,E07,9
Ab42_5_3_DNAJB6,E08,9
Ab42_5_3_DNAJB6,E09,9
Ab42_5_3_DNAJB6,E10,6
Ab42_5_3_DNAJB6,E11,6
Ab42_5_3_DNAJB6,E12,6
Ab42_5_3_DNAJB6,F01,1
Ab42_5_3_DNAJB6,F02,8
Ab42_5_3_DNAJB6,F03,8
Ab42_5_3_DNAJB6,F04,8
Ab42_5_3_DNAJB6,F05,8
Ab42_5_3_DNAJB6,F06,8
Ab42_5_3_DNAJB6,F07,2
Ab42_5_3_DNAJB6,F08,4
Ab42_5_3_DNAJB6,F09,8
Ab42_5_3_DNAJB6,F10,8
Ab42_5_3_DNAJB6,F11,8
Ab42_5_3_DNAJB6,F12,8
Ab42_5_3_DNAJB6,G01,0
Ab42_5_3_DNAJB6,G02,0
Ab42_5_3_DNAJB6,G03,0
Ab42_5_3_DNAJB6,G04,2
Ab42_5_3_DNAJB6,G05,0
Ab42_5_3_DNAJB6,G06,4
Ab42_5_3_DNAJB6,G07,0
Ab42_5_3_DNAJB6,G08,7
Ab42_5_3_DNAJB6,G09,2
Ab42_5_3_DNAJB6,G10,0
Ab42_5_3_DNAJB6,G11,2
Ab42_5_3_DNAJB6,G12,7
Ab42wtSS4042crosseed,A01,3
Ab42wtSS4042crosseed,A02,3
Ab42wtSS4042crosseed,A03,3
Ab42wtSS4042crosseed,A04,3
Ab42wtSS4042crosseed,A05,3
Ab42wtSS4042crosseed,A06,11
Ab42wtSS4042crosseed,A07,11
Ab42wtSS4042crosseed,A08,3
Ab42wtSS4042crosseed,A09,11
Ab42wtSS4042crosseed,A10,6
Ab42wtSS4042crosseed,A11,6
Ab42wtSS4042crosseed,A12,6
Ab42wtSS4042crosseed,B01,3
Ab42wtSS4042crosseed,B02,3
Ab42wtSS4042crosseed,B03,3
Ab42wtSS4042crosseed,B04,3
Ab42wtSS4042crosseed,B05,3
Ab42wtSS4042crosseed,B06,3
Ab42wtSS4042crosseed,B07,11
Ab42wtSS4042crosseed,B08,3
Ab42wtSS4042crosseed,B09,11
Ab42wtSS4042crosseed,B10,6
Ab42wtSS4042crosseed,B11,6
Ab42wtSS4042crosseed,B12,11
Ab42wtSS4042crosseed,C01,3
Ab42wtSS4042crosseed,C02,3
Ab42wtSS4042crosseed,C03,3
Ab42wtSS4042crosseed,C04,3
Ab42wtSS4042crosseed,C05,3
Ab42wtSS4042crosseed,C06,11
Ab42wtSS4042crosseed,C07,11
Ab42wtSS4042crosseed,C08,3
Ab42wtSS4042crosseed,C09,11
Ab42wtSS4042crosseed,C10,6
Ab42wtSS4042crosseed,C11,6
Ab42wtSS4042crosseed,C12,6
Ab42wtSS4042crosseed,D01,3
Ab42wtSS4042crosseed,D02,3
Ab42wtSS4042crosseed,D03,3
Ab42wtSS4042crosseed,D04,3
Ab42wtSS4042crosseed,D05,3
Ab42wtSS4042crosseed,D06,11
Ab42wtSS4042crosseed,D07,3
Ab42wtSS4042crosseed,D08,11
Ab42wtSS4042crosseed,D09,11
Ab42wtSS4042crosseed,D10,6
Ab42wtSS4042crosseed,D11,6
Ab42wtSS4042crosseed,D12,6
Ab42wtSS4042crosseed,E01,11
Ab42wtSS4042crosseed,E02,5
Ab42wtSS4042crosseed,E03,3
Ab42wtSS4042crosseed,E04,3
Ab42wtSS4042crosseed,E05,3
Ab42wtSS4042crosseed,E06,11
Ab42wtSS4042crosseed,E07,11
Ab42wtSS4042crosseed,E08,11
Ab42wtSS4042crosseed,E09,11
Ab42wtSS4042crosseed,E10,11
Ab42wtSS4042crosseed,E11,6
Ab42wtSS4042crosseed,E12,6
Ab42wtSS4042crosseed,F01,11
Ab42wtSS4042crosseed,F02,5
Ab42wtSS4042crosseed,F03,3
Ab42wtSS4042crosseed,F04,3
Ab42wtSS4042crosseed,F05,3
Ab42wtSS4042crosseed,F06,3
Ab42wtSS4042crosseed,F07,3
Ab42wtSS4042crosseed,F08,11
Ab42wtSS4042crosseed,F09,3
Ab42wtSS4042crosseed,F10,3
Ab42wtSS4042crosseed,F11,6
Ab42wtSS4042crosseed,F12,6
Ab42wtSS4042crosseed,G01,5
Ab42wtSS4042crosseed,G02,3
Ab42wtSS4042crosseed,G03,3
Ab42wtSS4042crosseed,G04,3
Ab42wtSS4042crosseed,G05,3
Ab42wtSS4042crosseed,G06,3
Ab42wtSS4042crosseed,G07,11
Ab42wtSS4042crosseed,G08,11
Ab42wtSS4042crosseed,G09,11
Ab42wtSS4042crosseed,G10,3
Ab42wtSS4042crosseed,G11,6
Ab42wtSS4042crosseed,G12,6
Ab42wtSS4042crosseed,H01,4
Ab42wtSS4042crosseed,H02,3
Ab42wtSS4042crosseed,H03,3
Ab42wtSS4042crosseed,H04,11
Ab42wtSS4042crosseed,H05,3
Ab42wtSS4042crosseed,H06,3
Ab42wtSS4042crosseed,H07,11
Ab42wtSS4042crosseed,H08,3
Ab42wtSS4042crosseed,H09,11
Ab42wtSS4042crosseed,H10,3
Ab42wtSS4042crosseed,H11,6
Ab42wtSS4042crosseed,H12,6
DtauLtau210426at30oC,A01,11
DtauLtau210426at30oC,A02,11
DtauLtau210426at30oC,A03,9
DtauLtau210426at30oC,A04,3
DtauLtau210426at30oC,A05,9
DtauLtau210426at30oC,A06,9
DtauLtau210426at30oC,A07,9
DtauLtau210426at30oC,A08,1
DtauLtau210426at30oC,A09,4
DtauLtau210426at30oC,A10,9
DtauLtau210426at30oC,A11,8
DtauLtau210426at30oC,A12,9
DtauLtau210426at30oC,B01,9
DtauLtau210426at30oC,B02,9
DtauLtau210426at30oC,B03,3
DtauLtau210426at30oC,B04,6
DtauLtau210426at30oC,B05,1
DtauLtau210426at30oC,B06,1
DtauLtau210426at30oC,B07,9
DtauLtau210426at30oC,B08,9
DtauLtau210426at30oC,B09,4
DtauLtau210426at30oC,B10,8
DtauLtau210426at30oC,B11,9
DtauLtau210426at30oC,B12,9
DtauLtau210426at30oC,C01,9
DtauLtau210426at30oC,C02,11
DtauLtau210426at30oC,C03,9
DtauLtau210426at30oC,C04,10
DtauLtau210426at30oC,C05,9
DtauLtau210426at30oC,C06,9
DtauLtau210426at30oC,C07,9
DtauLtau210426at30oC,C08,9
DtauLtau210426at30oC,C09,5
DtauLtau210426at30oC,C10,9
DtauLtau210426at30oC,C11,1
DtauLtau210426at30oC,C12,4
DtauLtau210426at30oC,D01,9
DtauLtau210426at30oC,D02,11
DtauLtau210426at30oC,D03,11
DtauLtau210426at30oC,D04,3
DtauLtau210426at30oC,D05,1
DtauLtau210426at30oC,D06,9
DtauLtau210426at30oC,D07,8
DtauLtau210426at30oC,D08,9
DtauLtau210426at30oC,D09,4
DtauLtau210426at30oC,D10,8
DtauLtau210426at30oC,D11,4
DtauLtau210426at30oC,D12,4
DtauLtau210426at30oC,E01,11
DtauLtau210426at30oC,E02,11
DtauLtau210426at30oC,E03,11
DtauLtau210426at30oC,E04,11
DtauLtau210426at30oC,E05,11
DtauLtau210426at30oC,E06,9
DtauLtau210426at30oC,E07,9
DtauLtau210426at30oC,E08,5
DtauLtau210426at30oC,E09,9
DtauLtau210426at30oC,E10,4
DtauLtau210426at30oC,E11,4
DtauLtau210426at30oC,E12,4
DtauLtau210426at30oC,F01,11
DtauLtau210426at30oC,F02,11
DtauLtau210426at30oC,F03,11
DtauLtau210426at30oC,F04,9
DtauLtau210426at30oC,F05,5
DtauLtau210426at30oC,F06,9
DtauLtau210426at30oC,F07,11
DtauLtau210426at30oC,F08,5
DtauLtau210426at30oC,F09,4
DtauLtau210426at30oC,F10,9
DtauLtau210426at30oC,F11,4
DtauLtau210426at30oC,F12,4
DtauLtau210426at30oC,G01,3
DtauLtau210426at30oC,G02,3
DtauLtau210426at30oC,G03,5
DtauLtau210426at30oC,G04,5
DtauLtau210426at30oC,G05,11
DtauLtau210426at30oC,G06,9
DtauLtau210426at30oC,G07,9
DtauLtau210426at30oC,G08,5
DtauLtau210426at30oC,G09,8
DtauLtau210426at30oC,G10,4
DtauLtau210426at30oC,G11,4
DtauLtau210426at30oC,G12,4
DtauLtau210426at30oC,H01,11
DtauLtau210426at30oC,H02,10
DtauLtau210426at30oC,H03,5
DtauLtau210426at30oC,H04,5
DtauLtau210426at30oC,H05,11
DtauLtau210426at30oC,H06,3
DtauLtau210426at30oC,H07,11
DtauLtau210426at30oC,H08,5
DtauLtau210426at30oC,H09,4
DtauLtau210426at30oC,H10,4
DtauLtau210426at30oC,H11,5
DtauLtau210426at30oC,H12,11
Tau304-380pH74salt,A01,6
Tau304-380pH74salt,A02,6
Tau304-380pH74salt,A03,1
Tau304-380pH74salt,A04,3
Tau304-380pH74salt,A05,10
Tau304-380pH74salt,A06,10
Tau304-380pH74salt,A07,3
Tau304-380pH74salt,A08,10
Tau304-380pH74salt,A09,3
Tau304-380pH74salt,A10,3
Tau304-380pH74salt,A11,10
Tau304-380pH74salt,A12,6
Tau304-380pH74salt,B01,4
Tau304-380pH74salt,B02,6
Tau304-380pH74salt,B03,11
Tau304-380pH74salt,B04,6
Tau304-380pH74salt,B05,5
Tau304-380pH74salt,B06,6
Tau304-380pH74salt,B07,5
Tau304-380pH74salt,B08,3
Tau304-380pH74salt,B09,6
Tau304-380pH74salt,B10,5
Tau304-380pH74salt,B11,10
Tau304-380pH74salt,B12,5
Tau304-380pH74salt,C01,1
Tau304-380pH74salt,C02,1
Tau304-380pH74salt,C03,6
Tau304-380pH74salt,C04,6
Tau304-380pH74salt,C05,1
Tau304-380pH74salt,C06,1
Tau304-380pH74salt,C07,5
Tau304-380pH74salt,C08,6
Tau304-380pH74salt,C09,1
Tau304-380pH74salt,C10,5
Tau304-380pH74salt,C11,5
Tau304-380pH74salt,C12,10
Tau304-380pH74salt,D01,1
Tau304-380pH74salt,D02,1
Tau304-380pH74salt,D03,1
Tau304-380pH74salt,D04,1
Tau304-380pH74salt,D05,1
Tau304-380pH74salt,D06,1
Tau304-380pH74salt,D07,1
Tau304-380pH74salt,D08,5
Tau304-380pH74salt,D09,1
Tau304-380pH74salt,D10,1
Tau304-380pH74salt,D11,1
Tau304-380pH74salt,D12,1
Tau304-380pH74salt,E01,1
Tau304-380pH74salt,E02,1
Tau304-380pH74salt,E03,1
Tau304-380pH74salt,E04,1
Tau304-380pH74salt,E05,1
Tau304-380pH74salt,E06,1
Tau304-380pH74salt,E07,1
Tau304-380pH74salt,E08,1
Tau304-380pH74salt,E09,1
Tau304-380pH74salt,E10,1
Tau304-380pH74salt,E11,1
Tau304-380pH74salt,E12,1
Tau304-380pH74salt,F01,1
Tau304-380pH74salt,F02,1
Tau304-380pH74salt,F03,1
Tau304-380pH74salt,F04,1
Tau304-380pH74salt,F05,1
Tau304-380pH74salt,F06,8
Tau304-380pH74salt,F07,1
Tau304-380pH74salt,F08,1
Tau304-380pH74salt,F09,8
Tau304-380pH74salt,F10,4
Tau304-380pH74salt,F11,1
Tau304-380pH74salt,F12,1
Tau304-380pH74salt,G01,4
Tau304-380pH74salt,G02,1
Tau304-380pH74salt,G03,1
Tau304-380pH74salt,G04,8
Tau304-380pH74salt,G05,0
Tau304-380pH74salt,G06,2
Tau304-380pH74salt,G07,4
Tau304-380pH74salt,G08,4
Tau304-380pH74salt,G09,7
Tau304-380pH74salt,G10,1
Tau304-380pH74salt,G11,1
Tau304-380pH74salt,G12,1
Tau304-380pH74salt,H01,4
Tau304-380pH74salt,H02,4
Tau304-380pH74salt,H03,4
Tau304-380pH74salt,H04,4
Tau304-380pH74salt,H05,7
Tau304-380pH74salt,H06,8
Tau304-380pH74salt,H07,4
Tau304-380pH74salt,H08,8
Tau304-380pH74salt,H09,8
Tau304-380pH74salt,H10,4
Tau304-380pH74salt,H11,5
Tau304-380pH74salt,H12,4
ab1-42medSolaSalt2,A01,4
ab1-42medSolaSalt2,A02,9
ab1-42medSolaSalt2,A03,6
ab1-42medSolaSalt2,A04,6
ab1-42medSolaSalt2,A05,6
ab1-42medSolaSalt2,A06,6
ab1-42medSolaSalt2,A07,6
ab1-42medSolaSalt2,A08,6
ab1-42medSolaSalt2,A09,6
ab1-42medSolaSalt2,A10,6
ab1-42medSolaSalt2,A11,6
ab1-42medSolaSalt2,A12,6
ab1-42medSolaSalt2,B01,4
ab1-42medSolaSalt2,B02,6
ab1-42medSolaSalt2,B03,6
ab1-42medSolaSalt2,B04,6
ab1-42medSolaSalt2,B05,6
ab1-42medSolaSalt2,B06,6
ab1-42medSolaSalt2,B07,6
ab1-42medSolaSalt2,B08,6
ab1-42medSolaSalt2,B09,6
ab1-42medSolaSalt2,B10,6
ab1-42medSolaSalt2,B11,6
ab1-42medSolaSalt2,B12,6
ab1-42medSolaSalt2,C01,4
ab1-42medSolaSalt2,C02,9
ab1-42medSolaSalt2,C03,6
ab1-42medSolaSalt2,C04,6
ab1-42medSolaSalt2,C05,6
ab1-42medSolaSalt2,C06,6
ab1-42medSolaSalt2,C07,6
ab1-42medSolaSalt2,C08,6
ab1-42medSolaSalt2,C09,6
ab1-42medSolaSalt2,C10,6
ab1-42medSolaSalt2,C11,6
ab1-42medSolaSalt2,C12,1
ab1-42medSolaSalt2,D01,4
ab1-42medSolaSalt2,D02,9
ab1-42medSolaSalt2,D03,6
ab1-42medSolaSalt2,D04,6
ab1-42medSolaSalt2,D05,6
ab1-42medSolaSalt2,D06,6
ab1-42medSolaSalt2,D07,6
ab1-42medSolaSalt2,D08,6
ab1-42medSolaSalt2,D09,6
ab1-42medSolaSalt2,D10,6
ab1-42medSolaSalt2,D11,6
ab1-42medSolaSalt2,D12,6
ab1-42medSolaSalt2,E01,4
ab1-42medSolaSalt2,E02,9
ab1-42medSolaSalt2,E03,6
ab1-42medSolaSalt2,E04,6
ab1-42medSolaSalt2,E05,6
ab1-42medSolaSalt2,E06,6
ab1-42medSolaSalt2,E07,6
ab1-42medSolaSalt2,E08,6
ab1-42medSolaSalt2,E09,6
ab1-42medSolaSalt2,E10,6
ab1-42medSolaSalt2,E11,6
ab1-42medSolaSalt2,E12,6
ab1-42medSolaSalt2,F01,4
ab1-42medSolaSalt2,F02,9
ab1-42medSolaSalt2,F03,9
ab1-42medSolaSalt2,F04,6
ab1-42medSolaSalt2,F05,6
ab1-42medSolaSalt2,F06,6
ab1-42medSolaSalt2,F07,6
ab1-42medSolaSalt2,F08,6
ab1-42medSolaSalt2,F09,6
ab1-42medSolaSalt2,F10,6
ab1-42medSolaSalt2,F11,6
ab1-42medSolaSalt2,F12,6
ab1-42medSolaSalt2,G01,4
ab1-42medSolaSalt2,G02,9
ab1-42medSolaSalt2,G03,6
ab1-42medSolaSalt2,G04,6
ab1-42medSolaSalt2,G05,6
ab1-42medSolaSalt2,G06,6
ab1-42medSolaSalt2,G07,6
ab1-42medSolaSalt2,G08,6
ab1-42medSolaSalt2,G09,6
ab1-42medSolaSalt2,G10,6
ab1-42medSolaSalt2,G11,6
ab1-42medSolaSalt2,G12,11
ab1-42medSolaSalt2,H01,4
ab1-42medSolaSalt2,H02,6
ab1-42medSolaSalt2,H03,6
ab1-42medSolaSalt2,H04,6
ab1-42medSolaSalt2,H05,6
ab1-42medSolaSalt2,H06,6
ab1-42medSolaSalt2,H07,11
ab1-42medSolaSalt2,H08,6
ab1-42medSolaSalt2,H09,6
ab1-42medSolaSalt2,H10,6
ab1-42medSolaSalt2,H11,6
ab1-42medSolaSalt2,H12,11
ab1-42medSolaSalt,A01,0
ab1-42medSolaSalt,A02,0
ab1-42medSolaSalt,A03,0
ab1-42medSolaSalt,A04,0
ab1-42medSolaSalt,A05,10
ab1-42medSolaSalt,A06,10
ab1-42medSolaSalt,A07,10
ab1-42medSolaSalt,A08,10
ab1-42medSolaSalt,A09,10
ab1-42medSolaSalt,A10,0
ab1-42medSolaSalt,A11,10
ab1-42medSolaSalt,A12,10
ab1-42medSolaSalt,B01,0
ab1-42medSolaSalt,B02,0
ab1-42medSolaSalt,B03,0
ab1-42medSolaSalt,B04,10
ab1-42medSolaSalt,B05,10
ab1-42medSolaSalt,B06,10
ab1-42medSolaSalt,B07,10
ab1-42medSolaSalt,B08,10
ab1-42medSolaSalt,B09,10
ab1-42medSolaSalt,B10,10
ab1-42medSolaSalt,B11,10
ab1-42medSolaSalt,B12,10
ab1-42medSolaSalt,C01,0
ab1-42medSolaSalt,C02,0
ab1-42medSolaSalt,C03,0
ab1-42medSolaSalt,C04,10
ab1-42medSolaSalt,C05,10
ab1-42medSolaSalt,C06,10
ab1-42medSolaSalt,C07,10
ab1-42medSolaSalt,C08,10
ab1-42medSolaSalt,C09,10
ab1-42medSolaSalt,C10,10
ab1-42medSolaSalt,C11,10
ab1-42medSolaSalt,C12,10
ab1-42medSolaSalt,D01,0
ab1-42medSolaSalt,D02,10
ab1-42medSolaSalt,D03,0
ab1-42medSolaSalt,D04,0
ab1-42medSolaSalt,D05,10
ab1-42medSolaSalt,D06,10
ab1-42medSolaSalt,D07,10
ab1-42medSolaSalt,D08,10
ab1-42medSolaSalt,D09,10
ab1-42medSolaSalt,D10,10
ab1-42medSolaSalt,D11,10
ab1-42medSolaSalt,D12,10
ab1-42medSolaSalt,E01,0
ab1-42medSolaSalt,E02,10
ab1-42medSolaSalt,E03,10
ab1-42medSolaSalt,E04,10
ab1-42medSolaSalt,E05,10
ab1-42medSolaSalt,E06,10
ab1-42medSolaSalt,E07,10
ab1-42medSolaSalt,E08,10
ab1-42medSolaSalt,E09,10
ab1-42medSolaSalt,E10,10
ab1-42medSolaSalt,E11,10
ab1-42medSolaSalt,E12,10
ab1-42medSolaSalt,F01,0
ab1-42medSolaSalt,F02,10
ab1-42medSolaSalt,F03,0
ab1-42medSolaSalt,F04,10
ab1-42medSolaSalt,F05,10
ab1-42medSolaSalt,F06,10
ab1-42medSolaSalt,F07,10
ab1-42medSolaSalt,F08,10
ab1-42medSolaSalt,F09,10
ab1-42medSolaSalt,F10,10
ab1-42medSolaSalt,F11,10
ab1-42medSolaSalt,F12,10
ab1-42medSolaSalt,G01,0
ab1-42medSolaSalt,G02,0
ab1-42medSolaSalt,G03,0
ab1-42medSolaSalt,G04,10
ab1-42medSolaSalt,G05,10
ab1-42medSolaSalt,G06,10
ab1-42medSolaSalt,G07,10
ab1-42medSolaSalt,G08,10
ab1-42medSolaSalt,G09,10
ab1-42medSolaSalt,G10,10
ab1-42medSolaSalt,G11,10
ab1-42medSolaSalt,G12,0
ab1-42medSolaSalt,H01,0
ab1-42medSolaSalt,H02,0
ab1-42medSolaSalt,H03,10
ab1-42medSolaSalt,H04,10
ab1-42medSolaSalt,H05,10
ab1-42medSolaSalt,H06,10
ab1-42medSolaSalt,H07,10
ab1-42medSolaSalt,H08,10
ab1-42medSolaSalt,H09,10
ab1-42medSolaSalt,H10,10
ab1-42medSolaSalt,H11,10
ab1-42medSolaSalt,H12,10
ab42B6210525,B01,5
ab42B6210525,B02,5
ab42B6210525,B03,0
ab42B6210525,B04,5
ab42B6210525,B05,5
ab42B6210525,B06,5
ab42B6210525,B07,5
ab42B6210525,B08,5
ab42B6210525,B09,5
ab42B6210525,B10,5
ab42B6210525,B11,5
ab42B6210525,B12,5
ab42B6210525,C01,5
ab42B6210525,C02,5
ab42B6210525,C03,5
ab42B6210525,C04,0
ab42B6210525,C05,5
ab42B6210525,C06,5
ab42B6210525,C07,5
ab42B6210525,C08,5
ab42B6210525,C09,5
ab42B6210525,C10,0
ab42B6210525,C11,5
ab42B6210525,C12,5
ab42B6210525,D01,5
ab42B6210525,D02,5
ab42B6210525,D03,5
ab42B6210525,D04,5
ab42B6210525,D05,5
ab42B6210525,D06,5
ab42B6210525,D07,5
ab42B6210525,D08,5
ab42B6210525,D09,5
ab42B6210525,D10,5
ab42B6210525,D11,5
ab42B6210525,D12,5
ab42B6210525,E01,5
ab42B6210525,E02,5
ab42B6210525,E03,5
ab42B6210525,E04,5
ab42B6210525,E05,5
ab42B6210525,E06,0
ab42B6210525,E07,5
ab42B6210525,E08,5
ab42B6210525,E09,5
ab42B6210525,E10,5
ab42B6210525,E11,5
ab42B6210525,E12,10
ab42B6210525,F01,5
ab42B6210525,F02,5
ab42B6210525,F03,5
ab42B6210525,F04,5
ab42B6210525,F05,5
ab42B6210525,F06,5
ab42B6210525,F07,5
ab42B6210525,F08,5
ab42B6210525,F09,5
ab42B6210525,F10,5
ab42B6210525,F11,5
ab42B6210525,F12,5
ab42B6210525,G01,5
ab42B6210525,G02,5
ab42B6210525,G03,5
ab42B6210525,G04,5
ab42B6210525,G05,5
ab42B6210525,G06,5
ab42B6210525,G07,5
ab42B6210525,G08,5
ab42B6210525,G09,5
ab42B6210525,G10,5
ab42B6210525,G11,5
ab42B6210525,G12,5
ab42B6210526left,B01,6
ab42B6210526left,B02,9
ab42B6210526left,B03,9
ab42B6210526left,B04,9
ab42B6210526left,B05,9
ab42B6210526left,B06,6
ab42B6210526left,B07,2
ab42B6210526left,B08,2
ab42B6210526left,B09,2
ab42B6210526left,B10,2
ab42B6210526left,B11,2
ab42B6210526left,B12,2
ab42B6210526left,C01,2
ab42B6210526left,C02,2
ab42B6210526left,C03,0
ab42B6210526left,C04,0
ab42B6210526left,C05,0
ab42B6210526left,C06,2
ab42B6210526left,C07,0
ab42B6210526left,C08,0
ab42B6210526left,C09,0
ab42B6210526left,C10,0
ab42B6210526left,C11,0
ab42B6210526left,C12,2
ab42B6210526left,D01,0
ab42B6210526left,D02,0
ab42B6210526left,D03,0
ab42B6210526left,D04,0
ab42B6210526left,D05,0
ab42B6210526left,D06,0
ab42B6210526left,D07,0
ab42B6210526left,D08,0
ab42B6210526left,D09,0
ab42B6210526left,D10,0
ab42B6210526left,D11,0
ab42B6210526left,D12,0
ab42B6210526left,E01,0
ab42B6210526left,E02,0
ab42B6210526left,E03,0
ab42B6210526left,E04,0
ab42B6210526left,E05,0
ab42B6210526left,E06,0
ab42B6210526left,E07,0
ab42B6210526left,E08,7
ab42B6210526left,E09,0
ab42B6210526left,E10,7
ab42B6210526left,E11,7
ab42B6210526left,E12,0
ab42B6210526left,F01,4
ab42B6210526left,F02,0
ab42B6210526left,F03,7
ab42B6210526left,F04,7
ab42B6210526left,F05,7
ab42B6210526left,F06,7
ab42B6210526left,F07,0
ab42B6210526left,F08,0
ab42B6210526left,F09,0
ab42B6210526left,F10,0
ab42B6210526left,F11,0
ab42B6210526left,F12,0
ab42B6210526left,G01,4
ab42B6210526left,G02,5
ab42B6210526left,G03,5
ab42B6210526left,G04,5
ab42B6210526left,G05,5
ab42B6210526left,G06,5
ab42B6210526left,G07,5
ab42B6210526left,G08,5
ab42B6210526left,G09,5
ab42B6210526left,G10,5
ab42B6210526left,G11,5
ab42B6210526left,G12,5
ab42B6210526left,H01,4
ab42B6210526left,H02,5
ab42B6210526left,H03,5
ab42B6210526left,H04,5
ab42B6210526left,H05,5
ab42B6210526left,H06,5
ab42B6210526left,H07,8
ab42B6210526left,H08,8
ab42B6210526left,H09,4
ab42B6210526left,H10,4
ab42B6210526left,H11,0
ab42B6210526left,H12,4
amylinDoL210603,B01,9
amylinDoL210603,B02,6
amylinDoL210603,B03,6
amylinDoL210603,B04,6
amylinDoL210603,B05,1
amylinDoL210603,B06,6
amylinDoL210603,B07,9
amylinDoL210603,B08,6
amylinDoL210603,B09,9
amylinDoL210603,B10,9
amylinDoL210603,B11,9
amylinDoL210603,B12,9
amylinDoL210603,C01,1
amylinDoL210603,C02,9
amylinDoL210603,C03,9
amylinDoL210603,C04,6
amylinDoL210603,C05,9
amylinDoL210603,C06,9
amylinDoL210603,C07,9
amylinDoL210603,C08,8
amylinDoL210603,D01,9
amylinDoL210603,D02,1
amylinDoL210603,D03,1
amylinDoL210603,D04,1
amylinDoL210603,D05,1
amylinDoL210603,D06,7
amylinDoL210603,D07,7
amylinDoL210603,D08,7
amylinDoL210603,D09,7
amylinDoL210603,D10,7
amylinDoL210603,D11,7
amylinDoL210603,D12,7
amylinDoL210603,E01,7
amylinDoL210603,E02,7
amylinDoL210603,E03,7
amylinDoL210603,E04,7
amylinDoL210603,E05,7
amylinDoL210603,E06,7
amylinDoL210603,E07,7
amylinDoL210603,E08,7
amylinDoL210603,F01,7
amylinDoL210603,F02,7
amylinDoL210603,F03,7
amylinDoL210603,F04,7
amylinDoL210603,F05,7
amylinDoL210603,F06,7
amylinDoL210603,F07,7
amylinDoL210603,F08,7
amylinDoL210603,F09,7
amylinDoL210603,F10,7
amylinDoL210603,F11,7
amylinDoL210603,F12,7
amylinDoL210603,G01,7
amylinDoL210603,G02,7
amylinDoL210603,G03,7
amylinDoL210603,G04,7
amylinDoL210603,G05,7
amylinDoL210603,G06,7
amylinDoL210603,G07,7
amylinDoL210603,G08,7
amylinLseed210611,A01,1
amylinLseed210611,A02,7
amylinLseed210611,A03,7
amylinLseed210611,A04,0
amylinLseed210611,A05,7
amylinLseed210611,A06,7
amylinLseed210611,A07,7
amylinLseed210611,A08,1
amylinLseed210611,A09,7
amylinLseed210611,A10,1
amylinLseed210611,A11,7
amylinLseed210611,A12,1
amylinLseed210611,B01,1
amylinLseed210611,B02,7
amylinLseed210611,B03,0
amylinLseed210611,B04,1
amylinLseed210611,B05,7
amylinLseed210611,B06,7
amylinLseed210611,B07,0
amylinLseed210611,B08,10
amylinLseed210611,B09,1
amylinLseed210611,B10,1
amylinLseed210611,B11,7
amylinLseed210611,B12,1
amylinLseed210611,C01,1
amylinLseed210611,C02,1
amylinLseed210611,C03,1
amylinLseed210611,C04,1
amylinLseed210611,C05,7
amylinLseed210611,C06,10
amylinLseed210611,C07,10
amylinLseed210611,C08,0
amylinLseed210611,C09,7
amylinLseed210611,C10,7
amylinLseed210611,C11,7
amylinLseed210611,C12,1
amylinLseed210611,D01,1
amylinLseed210611,D02,9
amylinLseed210611,D03,1
amylinLseed210611,D04,7
amylinLseed210611,D05,0
amylinLseed210611,D06,7
amylinLseed210611,D07,7
amylinLseed210611,D08,7
amylinLseed210611,D09,7
amylinLseed210611,D10,7
amylinLseed210611,D11,7
amylinLseed210611,D12,7
amylinLseed210611,E01,7
amylinLseed210611,E02,7
amylinLseed210611,E03,1
amylinLseed210611,E04,0
amylinLseed210611,E05,7
amylinLseed210611,E06,7
amylinLseed210611,E07,1
amylinLseed210611,E08,7
amylinLseed210611,E09,0
amylinLseed210611,E10,1
amylinLseed210611,E11,7
amylinLseed210611,E12,7
amylinLseed210611,F01,1
amylinLseed210611,F02,1
amylinLseed210611,F03,1
amylinLseed210611,F04,1
amylinLseed210611,F05,7
amylinLseed210611,F06,7
amylinLseed210611,F07,10
amylinLseed210611,F08,7
amylinLseed210611,F09,7
amylinLseed210611,F10,1
amylinLseed210611,F11,7
amylinLseed210611,F12,1
amylinLseed210611,G01,1
amylinLseed210611,G02,1
amylinLseed210611,G03,0
amylinLseed210611,G04,1
amylinLseed210611,G05,7
amylinLseed210611,G06,7
amylinLseed210611,G07,10
amylinLseed210611,G08,7
amylinLseed210611,G09,7
amylinLseed210611,G10,7
amylinLseed210611,G11,7
amylinLseed210611,G12,7
amylinLseed210611,H01,1
amylinLseed210611,H02,0
amylinLseed210611,H03,7
amylinLseed210611,H04,7
amylinLseed210611,H05,10
amylinLseed210611,H06,7
amylinLseed210611,H07,10
amylinLseed210611,H08,10
amylinLseed210611,H09,7
amylinLseed210611,H10,1
amylinLseed210611,H11,7
amylinLseed210611,H12,7
tau304-380C322S_220802_PSplate,B02,2
tau304-380C322S_220802_PSplate,B03,2
tau304-380C322S_220802_PSplate,B04,2
tau304-380C322S_220802_PSplate,B05,0
tau304-380C322S_220802_PSplate,B06,7
tau304-380C322S_220802_PSplate,B07,0
tau304-380C322S_220802_PSplate,B08,0
tau304-380C322S_220802_PSplate,B09,0
tau304-380C322S_220802_PSplate,B10,0
tau304-380C322S_220802_PSplate,C02,0
tau304-380C322S_220802_PSplate,C03,0
tau304-380C322S_220802_PSplate,C04,0
tau304-380C322S_220802_PSplate,C05,0
tau304-380C322S_220802_PSplate,C06,0
tau304-380C322S_220802_PSplate,C07,11
tau304-380C322S_220802_PSplate,C08,7
tau304-380C322S_220802_PSplate,C09,0
tau304-380C322S_220802_PSplate,C10,0
tau304-380C322S_220802_PSplate,D02,2
tau304-380C322S_220802_PSplate,D03,2
tau304-380C322S_220802_PSplate,D04,8
tau304-380C322S_220802_PSplate,D05,2
tau304-380C322S_220802_PSplate,D06,2
tau304-380C322S_220802_PSplate,D07,2
tau304-380C322S_220802_PSplate,D08,0
tau304-380C322S_220802_PSplate,D09,7
tau304-380C322S_220802_PSplate,D10,7
tau304-380C322S_220802_PSplate,E02,0
tau304-380C322S_220802_PSplate,E03,0
tau304-380C322S_220802_PSplate,E04,7
tau304-380C322S_220802_PSplate,E05,0
tau304-380C322S_220802_PSplate,E06,0
tau304-380C322S_220802_PSplate,E07,7
tau304-380C322S_220802_PSplate,E08,7
tau304-380C322S_220802_PSplate,E09,0
tau304-380C322S_220802_PSplate,E10,0
